Workbook
Name ____PR12: #REF!
Name ___PR12: #REF!
Name __PR12: #REF!
Name _005029252007Act: #REF!
Name _084029252007Act: #REF!
Name _97RBC: #REF!
Name _box1: #REF!
Name _box2: #REF!
Name _fas144: '[9]GP & FX Rate'!$A$46:$I$57
Name _PR12: #REF!
Name \a: #REF!
Name \b: #N/A
Name \d: #N/A
Name \q: #REF!
Name \x: #N/A
Name \z: #REF!
Name ABS: [10]ABS!$M$14:$W$40
Name Account: #REF!
Name ACCOUNT_LIST: [11]ACCOUNTS!$A$4:$A$47
Name ACDATA: #REF!
Name actdata: '[12]Actual Data'!$B$3:$AB$122
Name ACTSUB: [13]MONTH!$B$4
Name Actual2006: '[14]TOTAL ENTITY'!#REF!
Name Actual2007: '[14]TOTAL ENTITY'!#REF!
Name Actuality_IS_1: '[15]Cover & Parameters'!$D$15
Name Actuality_IS_2: '[15]Cover & Parameters'!$E$15
Name addedInfo: [16]Notes!$C$4
Name AGENT: [17]Definition!$F$21
Name APROFDATA: #REF!
Name AREPORT: #REF!
Name asdasff: [18]!TORIHIKI_GET_B
Name asdasff: [18]!TORIHIKI_GET_B
Name asdasff: [18]!TORIHIKI_GET_B
Name BFLAUnit: #REF!
Name BFNTUnit: #REF!
Name BFRCUnit: #REF!
Name brand: OFFSET([20]list!$W$8,0,0,COUNTA([20]list!$W:$W)-4,1)
Name Bridegstone_Americas_Holding__Inc.: #REF!
Name BSALE_A: #REF!,#REF!,#REF!,#REF!,#REF!
Name BSALE_B: #REF!,#REF!,#REF!,#REF!,#REF!
Name BSAUnitNames: '[21]BSA Units & Pgbds'!$B$6:$B$13
Name BSBDUnit: #REF!
Name BSCOL: #REF!,#REF!,#REF!,#REF!,#REF!,#REF!,#REF!,#REF!,#REF!,#REF!,#REF!,#REF!
Name BSDATA: #REF!
Name BSDOT1: #REF!,#REF!,#REF!,#REF!,#REF!,#REF!,#REF!,#REF!,#REF!,#REF!,#REF!,#REF!,#REF!,#REF!,#REF!,#REF!
Name BSDOT2: #REF!,#REF!,#REF!,#REF!,#REF!,#REF!,#REF!
Name buddata: '[22]Budget Data'!$B$3:$V$101
Name budget: [23]Basic!$C$12
Name Budget_Category: [24]Guideline!$B$9
Name BUDSUB: [13]MONTH!$B$5
Name buildUp: #REF!
Name CAL_ADATA: [17]CAL_A!$C$5:$S$84
Name CAL_BDATA: #REF!
Name CDNO: #REF!
Name Channel: [25]REF!$H$3:$I$5
Name CHK_ERR: #REF!
Name CHK_WAR: #REF!
Name clientes: [26]Clientes!$A$4:$D$103
Name ClosingVersion_1: '[15]Cover & Parameters'!$D$17
Name ClosingVersion_2: '[15]Cover & Parameters'!$E$17

Sheet Main
AH1: 1H Plan | AI1: RF | AJ1: RF(8+4) | AQ1: JUN FCST | AS1: JUN ACT | AU1: JUN ACT+Remain
AI2: 174916 | AJ2: 182480 | AQ2: JUN OB | AR2: 41311 | AS2: OB | AT2: 41311 | AU2: OB | AV2: 41311 | BD2: Total
AH3: 1H(ACT+FCST) | AI3: =AM8 -> 174375 | AJ3: =AM8 -> 174375 | AQ3: JUN RF(8+4) | AR3: 42119 | AS3: RF(8+4) | AT3: 42119 | AU3: RF(8+4) | AV3: 42119 | BD3: 도매 | BE3: =BD8/AA8 -> 0.50341276
AH4: Differ | AI4: =AI3-AI2 -> -541 | AJ4: =AJ3-AJ2 -> -8105 | AQ4: JUN FCST | AR4: =AI7 -> 37507.78 | AS4: ACT | AT4: =AJ8 -> 33394 | AU4: ACT+Remain | AV4: =AJ8+AK8 -> 40516.78 | BD4: 소매 | BE4: =BE8/AA8 -> 0.49404441
E5: 2020 | H5: 2021 | K5: 2022 | N5: 2023 | Q5: 2024 | T5: 2025 | W5: 최근 5년 DATA | AL5: *최대한 자세히 입력 | AQ5: Ratio(vs RF(8+4)) | AR5: =AR4/AR3 -> 0.89051924 | AS5: Ratio(vs RF(8+4)) | AT5: =AT4/AT3 -> 0.79284883 | AU5: Ratio(vs RF(8+4)) | AV5: =AV4/AV3 -> 0.96195969
B6: PIC | C6: 대리점 | D6: Portion | E6: 1H | F6: 2H | G6: Total | H6: 1H | I6: 2H | J6: Total | K6: 1H | L6: 2H | M6: Total | N6: 1H | O6: 2H | P6: Total | Q6: 1H | R6: 2H | S6: Total | T6: 1H | U6: 2H | V6: Total | W6: Y21 | X6: Y22 | Y6: Y23 | Z6: Y24 | AA6: Y25 | AB6: % (Y25기준) | AC6: Jan Act | AD6: Feb Act | AE6: Mar Act | AF6: Apr Act | AG6: May Act | AH6: JUN Portion(RF) | AI6: Jun FCST | AJ6: Jun Act(26) | AK6: Jun Remain | AL6: 비 고 (딜러별 특이사항, 경쟁사 마켓상황) | AM6: 1H Total (ACT) | AN6: 1H Differ(vs Portion) | AO6: Rebate Target(1H) | AQ6: ="+/-" -> +/- | AR6: =AR4-AR3 -> -4611.22 | AS6: ="+/-" -> +/- | AT6: =AT4-AT3 -> -8725 | AU6: ="+/-" -> +/- | AV6: =AV4-AV3 -> -1602.22 | BB6: 비중(%) | BD6: Qty
C7: Total(PIC+B2C+경영기획 포함) | E7: =E8+E372 -> 118802 | F7: =F8+F372 -> 299094 | G7: =E7+F7 -> 417896 | H7: =H8+H372 -> 168939 | I7: =I8+I372 -> 229810 | J7: =H7+I7 -> 398749 | K7: =K8+K372 -> 146824 | L7: =L8+L372 -> 190816 | M7: =K7+L7 -> 337640 | N7: =N8+N372 -> 129512 | O7: =O8+O372 -> 207898 | P7: =N7+O7 -> 337410 | Q7: =Q8+Q372 -> 140443 | R7: =R8+R372 -> 221794 | S7: =Q7+R7 -> 362237 | T7: =T8+T372 -> 151392 | U7: =U8+U372 -> 286144 | V7: =T7+U7 -> 437536 | X7: =X8+X372 -> 337640 | Y7: =Y8+Y372 -> 337410 | Z7: =Z8+Z372 -> 362237 | AA7: =AA8+AA372 -> 437498 | AC7: =AC8+AC372 -> 18261 | AD7: =AD8+AD372 -> 25372 | AE7: =AE8+AE372 -> 30678 | AF7: =AF8+AF372 -> 31741 | AG7: =AG8+AG372 -> 35505 | AH7: =AH8+AH372 -> 42119 | AI7: =AI8+AI372 -> 37507.78 | AJ7: =AJ8+AJ372 -> 33446 | AK7: =AK8+AK372 -> 7122.78 | AM7: =AM8+AM372 -> 175003 | AN7: =AN8+AN372 -> -8140 | AO7: Qty | AP7: Amt | AW7: MTO-W | BB7: 도매 | BC7: 소매 | BD7: 도매 | BE7: 소매
C8: PCR Total(PIC + B2C) 경영기획 제외 | D8: =SUM(D9:D371) -> 1 | E8: =E9+E15+E43+E73+E84+E116+E142+E178+E216+E240+E253+E254 -> 118167 | F8: =F9+F15+F43+F73+F84+F116+F142+F178+F216+F240+F253+F254 -> 298427 | G8: =E8+F8 -> 416594 | H8: =H9+H15+H43+H73+H84+H116+H142+H178+H216+H240+H253+H254 -> 168417 | I8: =I9+I15+I43+I73+I84+I116+I142+I178+I216+I240+I253+I254 -> 229218 | J8: =H8+I8 -> 397635 | K8: =K9+K15+K43+K73+K84+K116+K142+K178+K216+K240+K253+K254 -> 146145 | L8: =L9+L15+L43+L73+L84+L116+L142+L178+L216+L240+L253+L254 -> 190167 | M8: =K8+L8 -> 336312 | N8: =N9+N15+N43+N73+N84+N116+N142+N178+N216+N240+N253+N254 -> 129043 | O8: =O9+O15+O43+O73+O84+O116+O142+O178+O216+O240+O253+O254 -> 207026 | P8: =N8+O8 -> 336069 | Q8: =Q9+Q15+Q43+Q73+Q84+Q116+Q142+Q178+Q216+Q240+Q253+Q254 -> 139715 | R8: =R9+R15+R43+R73+R84+R116+R142+R178+R216+R240+R253+R254 -> 221068 | S8: =Q8+R8 -> 360783 | T8: =T9+T15+T43+T73+T84+T116+T142+T178+T216+T240+T253+T254 -> 150810 | U8: =U9+U15+U43+U73+U84+U116+U142+U178+U216+U240+U253+U254 -> 285356 | V8: =T8+U8 -> 436166 | W8: =W9+W15+W43+W73+W84+W116+W142+W178+W216+W240+W253+W254 -> 397635 | X8: =X9+X15+X43+X73+X84+X116+X142+X178+X216+X240+X253+X254 -> 336312 | Y8: =Y9+Y15+Y43+Y73+Y84+Y116+Y142+Y178+Y216+Y240+Y253+Y254 -> 336069 | Z8: =Z9+Z15+Z43+Z73+Z84+Z116+Z142+Z178+Z216+Z240+Z253+Z254 -> 360783 | AA8: =AA9+AA15+AA43+AA73+AA84+AA116+AA142+AA178+AA216+AA240+AA253+AA254 -> 436128 | AB8: =AB9+AB15+AB43+AB73+AB84+AB116+AB142+AB178+AB216+AB240+AB253+AB254 -> 1 | AC8: =AC9+AC15+AC43+AC73+AC84+AC116+AC142+AC178+AC216+AC240+AC253+AC254 -> 18164 | AD8: =AD9+AD15+AD43+AD73+AD84+AD116+AD142+AD178+AD216+AD240+AD253+AD254 -> 25292 | ... AK8: =AK9+AK15+AK43+AK73+AK84+AK116+AK142+AK178+AK216+AK240+AK253+AK254 -> 7122.78 | AM8: =AM9+AM15+AM43+AM73+AM84+AM116+AM142+AM178+AM216+AM240+AM253+AM254 -> 174375 | AN8: =AN9+AN15+AN43+AN73+AN84+AN116+AN142+AN178+AN216+AN240+AN253+AN254 -> -8140 | AO8: =AO9+AO15+AO43+AO73+AO84+AO116+AO142+AO178+AO216+AO240+AO253+AO254 -> 115527.31 | AP8: =AP9+AP15+AP43+AP73+AP84+AP116+AP142+AP178+AP216+AP240+AP253+AP254 -> #REF! | AQ8: #6월 세일즈 계획 | BB8: =BB9+BB15+BB43+BB73+BB84+BB116+BB142+BB178+BB216+BB240+BB253+BB254 -> 0 | BC8: =BC9+BC15+BC43+BC73+BC84+BC116+BC142+BC178+BC216+BC240+BC253+BC254 -> 0 | BD8: =BD9+BD15+BD43+BD73+BD84+BD116+BD142+BD178+BD216+BD240+BD253+BD254 -> 219552.4 | BE8: =BE9+BE15+BE43+BE73+BE84+BE116+BE142+BE178+BE216+BE240+BE253+BE254 -> 215466.6
C9: B2C | D9: 0.0064752056 | G9: =E9+F9 -> 0 | J9: =H9+I9 -> 0 | M9: =K9+L9 -> 0 | P9: =N9+O9 -> 0 | Q9: 0 | R9: 0 | S9: =Q9+R9 -> 0 | T9: 298 | U9: 803 | V9: =T9+U9 -> 1101 | W9: =J9 -> 0 | X9: =M9 -> 0 | Y9: =P9 -> 0 | Z9: =S9 -> 0 | AA9: =V9 -> 1101 | AB9: =IFERROR(AA9/$AA$8,0) -> 0.0025244882 | AC9: 65 | AD9: 86 | AE9: 83 | AF9: 189 | AG9: 213 | AH9: =D9*$AR$3 -> 272.72918 | AJ9: =SUMIF('6월 매출현황(6.26)'!$E:$E,"송강호",'6월 매출현황(6.26)'!$N:$N) -> 82 | AM9: =AC9+AD9+AE9+AF9+AG9+AJ9 -> 718 | AN9: =AM9-(D9*$AJ$2) -> -463.59551 | AQ9: PTTN | AR9: 내 용
B10: 김주성 | C10: 주식회사 남서울상사(구_콘티넨탈남서울) | E10: 4936 | F10: 22594 | G10: =E10+F10 -> 27530 | H10: 5526 | I10: 8406 | J10: =H10+I10 -> 13932 | K10: 8511 | L10: 11802 | M10: =K10+L10 -> 20313 | N10: 12939 | O10: 16615 | P10: =N10+O10 -> 29554 | Q10: 12984 | R10: 23678 | S10: =Q10+R10 -> 36662 | T10: 13709 | U10: 23402 | V10: =T10+U10 -> 37111 | W10: =J10 -> 13932 | X10: =M10 -> 20313 | Y10: =P10 -> 29554 | Z10: =S10 -> 36662 | AA10: =V10 -> 37111 | AB10: =IFERROR(AA10/$AA$8,0) -> 0.085091991 | AC10: 773 | AD10: 2436 | AE10: 2368 | AF10: 3360 | AG10: 2621 | AI10: 2562 | AJ10: =SUMIF('6월 매출현황(6.26)'!$B:$B,Main!C10,'6월 매출현황(6.26)'!$N:$N) -> 2346 | AK10: =AI10-AJ10 -> 216 | AM10: =AC10+AD10+AE10+AF10+AG10+AJ10 -> 13904 | AO10: 14120.27 | AP10: 1.5948219e+09 | AQ10: OE | AR10: Early(~12일까지) 255/40R/20 MO 20% | AW10: 얼리 | BB10: 0.8 | BC10: 0.2 | BD10: =AA10*BB10 -> 29688.8 | BE10: =AA10*BC10 -> 7422.2
B11: 김주성 | C11: 주식회사롤(ROLL CO.,Ltd)_태백 | E11: 0 | F11: 29262 | G11: =E11+F11 -> 29262 | H11: 17171 | I11: 29576 | J11: =H11+I11 -> 46747 | K11: 12528 | L11: 17083 | M11: =K11+L11 -> 29611 | N11: 19524 | O11: 20656 | P11: =N11+O11 -> 40180 | Q11: 14572 | R11: 22893 | S11: =Q11+R11 -> 37465 | T11: 9716 | U11: 30659 | V11: =T11+U11 -> 40375 | W11: =J11 -> 46747 | X11: =M11 -> 29611 | Y11: =P11 -> 40180 | Z11: =S11 -> 37465 | AA11: =V11 -> 40375 | AB11: =IFERROR(AA11/$AA$8,0) -> 0.092576033 | AC11: 1880 | AD11: 3463 | AE11: 2204 | AF11: 3162 | AG11: 4896 | AI11: 6734 | AJ11: =SUMIF('6월 매출현황(6.26)'!$B:$B,Main!C11,'6월 매출현황(6.26)'!$N:$N) -> 5238 | AK11: 380 | AL11: 창고 문제로 인한 재고 Full | AM11: =AC11+AD11+AE11+AF11+AG11+AJ11 -> 20843 | AO11: 23965.731 | AP11: 2.2527837e+09 | AQ11: RE004 | AR11: 55% 기안 | AW11: 기안필요 | BB11: 0.9 | BC11: 0.1 | BD11: =AA11*BB11 -> 36337.5 | BE11: =AA11*BC11 -> 4037.5
B12: 김주성 | C12: 오토 엠(AUTO M)_태백 | E12: 3098 | F12: 12197 | G12: =E12+F12 -> 15295 | H12: 2579 | I12: 11290 | J12: =H12+I12 -> 13869 | K12: 7925 | L12: 15524 | M12: =K12+L12 -> 23449 | N12: 5763 | O12: 13319 | P12: =N12+O12 -> 19082 | Q12: 7858 | R12: 10054 | S12: =Q12+R12 -> 17912 | T12: 9593 | U12: 8832 | V12: =T12+U12 -> 18425 | W12: =J12 -> 13869 | X12: =M12 -> 23449 | Y12: =P12 -> 19082 | Z12: =S12 -> 17912 | AA12: =V12 -> 18425 | AB12: =IFERROR(AA12/$AA$8,0) -> 0.042246772 | AC12: 97 | AD12: 442 | AE12: 915 | AF12: 0 | AG12: 850 | AJ12: =SUMIF('6월 매출현황(6.26)'!$B:$B,Main!C12,'6월 매출현황(6.26)'!$N:$N) -> 1114 | AM12: =AC12+AD12+AE12+AF12+AG12+AJ12 -> 3418 | AO12: 0 | AP12: 0 | AQ12: PS-AS, T-EV | AR12: 45% 기안(3~5딜러 선정) 그 외 소매 30% | AW12: 기안필요 | BB12: 0.9 | BC12: 0.1 | BD12: =AA12*BB12 -> 16582.5 | BE12: =AA12*BC12 -> 1842.5
B13: 김주성 | C13: (주)타이어커넥션(태백) | E13: 11906 | F13: 39722 | G13: =E13+F13 -> 51628 | H13: 4469 | I13: 5106 | J13: =H13+I13 -> 9575 | K13: 1139 | L13: 3488 | M13: =K13+L13 -> 4627 | N13: 1521 | O13: 1748 | P13: =N13+O13 -> 3269 | Q13: 160 | R13: 1712 | S13: =Q13+R13 -> 1872 | T13: 112 | U13: 1810 | V13: =T13+U13 -> 1922 | W13: =J13 -> 9575 | X13: =M13 -> 4627 | Y13: =P13 -> 3269 | Z13: =S13 -> 1872 | AA13: =V13 -> 1922 | AB13: =IFERROR(AA13/$AA$8,0) -> 0.0044069631 | AC13: 25 | AD13: 4 | AE13: 14 | AF13: 16 | AG13: 13 | AJ13: =SUMIF('6월 매출현황(6.26)'!$B:$B,Main!C13,'6월 매출현황(6.26)'!$N:$N) -> 2 | AM13: =AC13+AD13+AE13+AF13+AG13+AJ13 -> 74 | AO13: 0 | AP13: 0 | AQ13: H/L422+ | AR13: 255/45/20 17%~20%(팀장님보고) 255/50/20 27% | BB13: 0.9 | BC13: 0.1 | BD13: =AA13*BB13 -> 1729.8 | BE13: =AA13*BC13 -> 192.2
E14: 0 | F14: 0 | G14: =E14+F14 -> 0 | H14: 0 | I14: 0 | J14: =H14+I14 -> 0 | K14: 0 | L14: 0 | M14: =K14+L14 -> 0 | N14: 0 | O14: 0 | P14: =N14+O14 -> 0 | Q14: 0 | R14: 0 | S14: =Q14+R14 -> 0 | T14: 0 | U14: 0 | V14: =T14+U14 -> 0 | W14: =J14 -> 0 | X14: =M14 -> 0 | Y14: =P14 -> 0 | Z14: =S14 -> 0 | AA14: =V14 -> 0 | AB14: =IFERROR(AA14/$AA$8,0) -> 0 | AC14: 0 | AD14: 0 | AE14: 0 | AF14: 0 | AG14: 0 | AJ14: =SUMIF('6월 매출현황(6.26)'!$B:$B,Main!C14,'6월 매출현황(6.26)'!$N:$N) -> 0 | AM14: =AC14+AD14+AE14+AF14+AG14+AJ14 -> 0 | AO14: 0 | AP14: 0 | AQ14: LVR | AR14: 상시 - 소매 20본 26%, 도매 100본 28% | BD14: =AA14*BB14 -> 0 | BE14: =AA14*BC14 -> 0 | BG14: 6734
B15: 김주성 | C15: 김주성 Total | D15: 0.22069991 | E15: =SUM(E10:E14) -> 19940 | F15: =SUM(F10:F14) -> 103775 | G15: =E15+F15 -> 123715 | H15: =SUM(H10:H14) -> 29745 | I15: =SUM(I10:I14) -> 54378 | J15: =H15+I15 -> 84123 | K15: =SUM(K10:K14) -> 30103 | L15: =SUM(L10:L14) -> 47897 | M15: =K15+L15 -> 78000 | N15: =SUM(N10:N14) -> 39747 | O15: =SUM(O10:O14) -> 52338 | P15: =N15+O15 -> 92085 | Q15: =SUM(Q10:Q14) -> 35574 | R15: =SUM(R10:R14) -> 58337 | S15: =Q15+R15 -> 93911 | T15: =SUM(T10:T14) -> 33130 | U15: =SUM(U10:U14) -> 64703 | V15: =SUM(V10:V14) -> 97833 | W15: =SUM(W10:W14) -> 84123 | X15: =SUM(X10:X14) -> 78000 | Y15: =SUM(Y10:Y14) -> 92085 | Z15: =SUM(Z10:Z14) -> 93911 | AA15: =SUM(AA10:AA14) -> 97833 | AB15: =IFERROR(AA15/$AA$8,0) -> 0.22432176 | AC15: =SUM(AC10:AC14) -> 2775 | AD15: =SUM(AD10:AD14) -> 6345 | AE15: =SUM(AE10:AE14) -> 5501 | AF15: =SUM(AF10:AF14) -> 6538 | AG15: =SUM(AG10:AG14) -> 8380 | AH15: =$D15*$AR$3 -> 9295.6593 | AI15: =SUM(AI10:AI14) -> 9296 | AJ15: =SUM(AJ10:AJ14) -> 8700 | AK15: =SUM(AK10:AK14) -> 596 | AM15: =SUM(AM10:AM14) -> 38239 | AN15: =AM15-(D15*$AJ$2) -> -2034.3187 | AO15: =SUM(AO10:AO14) -> 38086.001 | AP15: =SUM(AP10:AP14) -> 3.8476056e+09 | AQ15: DHPS-AS | AR15: 전 사이즈 27% 기안 | AW15: 기안필요 | BD15: =SUM(BD10:BD14) -> 84338.6 | BE15: =SUM(BE10:BE14) -> 13494.4 | BG15: 6354
B16: 이승희 | C16: 주식회사 한울상사 | E16: 0 | F16: 0 | G16: =E16+F16 -> 0 | H16: 2389 | I16: 30541 | J16: =H16+I16 -> 32930 | K16: 18430 | L16: 12489 | M16: =K16+L16 -> 30919 | N16: 8555 | O16: 12171 | P16: =N16+O16 -> 20726 | Q16: 3627 | R16: 6265 | S16: =Q16+R16 -> 9892 | T16: 4771 | U16: 6652 | V16: =T16+U16 -> 11423 | W16: =J16 -> 32930 | X16: =M16 -> 30919 | Y16: =P16 -> 20726 | Z16: =S16 -> 9892 | AA16: =V16 -> 11423 | AB16: =IFERROR(AA16/$AA$8,0) -> 0.026191852 | AC16: 563 | AD16: 230 | AE16: 414 | AF16: 633 | AG16: 1309 | AI16: 1647.78 | AJ16: =SUMIF('6월 매출현황(6.26)'!$B:$B,Main!C16,'6월 매출현황(6.26)'!$N:$N) -> 863 | AK16: =AO16-AM16 -> 784.78004 | AL16: 26년 윈터 재고 입고시 매출 필요. 약 900본- 1천본 예상 | AM16: =AC16+AD16+AE16+AF16+AG16+AJ16 -> 4012 | AO16: 4796.78 | AP16: 3.6172427e+08 | AQ16: Winter | AR16: 25년 윈터 45% 기안 (한울) | AW16: 기안필요 | BB16: 0.8 | BC16: 0.2 | BD16: =AA16*BB16 -> 9138.4 | BE16: =AA16*BC16 -> 2284.6 | BG16: =BG14-BG15 -> 380
B17: 이승희 | C17: 신화타이어판매주식회사 | E17: 11250 | F17: 14849 | G17: =E17+F17 -> 26099 | H17: 12849 | I17: 11234 | J17: =H17+I17 -> 24083 | K17: 2076 | L17: 9251 | M17: =K17+L17 -> 11327 | N17: 3850 | O17: 12742 | P17: =N17+O17 -> 16592 | Q17: 3605 | R17: 7774 | S17: =Q17+R17 -> 11379 | T17: 4729 | U17: 10457 | V17: =T17+U17 -> 15186 | W17: =J17 -> 24083 | X17: =M17 -> 11327 | Y17: =P17 -> 16592 | Z17: =S17 -> 11379 | AA17: =V17 -> 15186 | AB17: =IFERROR(AA17/$AA$8,0) -> 0.034820053 | AC17: 499 | AD17: 436 | AE17: 1012 | AF17: 1109 | AG17: 807 | AI17: 1100 | AJ17: =SUMIF('6월 매출현황(6.26)'!$B:$B,Main!C17,'6월 매출현황(6.26)'!$N:$N) -> 1311 | AK17: 200 | AM17: =AC17+AD17+AE17+AF17+AG17+AJ17 -> 5174 | AO17: 4952.8374 | AP17: 5.108311e+08 | AQ17: D400 | AR17: Early(~12일까지) - MAX 27% (소매: 20, 도매 50) | AW17: 얼리 | BB17: 0.3 | BC17: 0.7 | BD17: =AA17*BB17 -> 4555.8 | BE17: =AA17*BC17 -> 10630.2
B18: 이승희 | C18: 타이어랜드 주식회사 (신화) | E18: 0 | F18: 0 | G18: =E18+F18 -> 0 | H18: 0 | I18: 0 | J18: =H18+I18 -> 0 | K18: 1212 | L18: 1656 | M18: =K18+L18 -> 2868 | N18: 169 | O18: 0 | P18: =N18+O18 -> 169 | Q18: 0 | R18: 0 | S18: =Q18+R18 -> 0 | T18: 0 | U18: 0 | V18: =T18+U18 -> 0 | W18: =J18 -> 0 | X18: =M18 -> 2868 | Y18: =P18 -> 169 | Z18: =S18 -> 0 | AA18: =V18 -> 0 | AB18: =IFERROR(AA18/$AA$8,0) -> 0 | AC18: 0 | AD18: 0 | AE18: 0 | AF18: 0 | AG18: 0 | AJ18: =SUMIF('6월 매출현황(6.26)'!$B:$B,Main!C18,'6월 매출현황(6.26)'!$N:$N) -> 0 | AL18: 6월 한국타이어 LVR 숏티지 예상됨. -> 6월 LVR 매출 위주로 타겟 달성 예정. | AM18: =AC18+AD18+AE18+AF18+AG18+AJ18 -> 0 | AO18: 0 | AP18: 0 | AQ18: Ep300 | AR18: Early(~12일까지) - MAX 27% 245/45/18 (소매: 20, 도매 50) | AW18: 얼리 | BD18: =AA18*BB18 -> 0 | BE18: =AA18*BC18 -> 0
B19: 이승희 | C19: 제이앤씨상사 주식회사 (J&C) | E19: 0 | F19: 0 | G19: =E19+F19 -> 0 | H19: 0 | I19: 4330 | J19: =H19+I19 -> 4330 | K19: 2042 | L19: 4738 | M19: =K19+L19 -> 6780 | N19: 2424 | O19: 4288 | P19: =N19+O19 -> 6712 | Q19: 2689 | R19: 4589 | S19: =Q19+R19 -> 7278 | T19: 2088 | U19: 4920 | V19: =T19+U19 -> 7008 | W19: =J19 -> 4330 | X19: =M19 -> 6780 | Y19: =P19 -> 6712 | Z19: =S19 -> 7278 | AA19: =V19 -> 7008 | AB19: =IFERROR(AA19/$AA$8,0) -> 0.016068677 | AC19: 0 | AD19: 0 | AE19: 0 | AF19: 0 | AG19: 853 | AJ19: =SUMIF('6월 매출현황(6.26)'!$B:$B,Main!C19,'6월 매출현황(6.26)'!$N:$N) -> 0 | AM19: =AC19+AD19+AE19+AF19+AG19+AJ19 -> 853 | AO19: 2296.8 | AP19: 2.4251843e+08 | AQ19: Key man | AR19: DHPS, PSAS, TEV 본당 1만, SERENITY&RE005 본당 5천원 | BB19: 0.9 | BC19: 0.1 | BD19: =AA19*BB19 -> 6307.2 | BE19: =AA19*BC19 -> 700.8
B20: 이승희 | C20: 주식회사타이어사랑-송도지점 | E20: 0 | F20: 0 | G20: =E20+F20 -> 0 | H20: 0 | I20: 0 | J20: =H20+I20 -> 0 | K20: 0 | L20: 0 | M20: =K20+L20 -> 0 | N20: 0 | O20: 0 | P20: =N20+O20 -> 0 | Q20: 0 | R20: 456 | S20: =Q20+R20 -> 456 | T20: 558 | U20: 647 | V20: =T20+U20 -> 1205 | W20: =J20 -> 0 | X20: =M20 -> 0 | Y20: =P20 -> 0 | Z20: =S20 -> 456 | AA20: =V20 -> 1205 | AB20: =IFERROR(AA20/$AA$8,0) -> 0.0027629503 | AC20: 203 | AD20: 34 | AE20: 31 | AF20: 120 | AG20: 154 | AI20: 150 | AJ20: =SUMIF('6월 매출현황(6.26)'!$B:$B,Main!C20,'6월 매출현황(6.26)'!$N:$N) -> 92 | AK20: 30 | AM20: =AC20+AD20+AE20+AF20+AG20+AJ20 -> 634 | AO20: 0 | AP20: 0 | AQ20: 세레니티 | AR20: 24년 DOT 기안(50~60%) | AW20: 기안필요 | BC20: 1 | BD20: =AA20*BB20 -> 0 | BE20: =AA20*BC20 -> 1205
B21: 이승희 | C21: 오토상사 | E21: 237 | F21: 813 | G21: =E21+F21 -> 1050 | H21: 215 | I21: 291 | J21: =H21+I21 -> 506 | K21: 241 | L21: 268 | M21: =K21+L21 -> 509 | N21: 195 | O21: 437 | P21: =N21+O21 -> 632 | Q21: 420 | R21: 263 | S21: =Q21+R21 -> 683 | T21: 212 | U21: 299 | V21: =T21+U21 -> 511 | W21: =J21 -> 506 | X21: =M21 -> 509 | Y21: =P21 -> 632 | Z21: =S21 -> 683 | AA21: =V21 -> 511 | AB21: =IFERROR(AA21/$AA$8,0) -> 0.0011716744 | AC21: 1 | AD21: 10 | AE21: 11 | AF21: 4 | AG21: 4 | AJ21: =SUMIF('6월 매출현황(6.26)'!$B:$B,Main!C21,'6월 매출현황(6.26)'!$N:$N) -> 0 | AM21: =AC21+AD21+AE21+AF21+AG21+AJ21 -> 30 | AO21: 0 | AP21: 0 | BC21: 1 | BD21: =AA21*BB21 -> 0 | BE21: =AA21*BC21 -> 511
B22: 이승희 | C22: 거상대리점 | E22: 300 | F22: 253 | G22: =E22+F22 -> 553 | H22: 241 | I22: 454 | J22: =H22+I22 -> 695 | K22: 359 | L22: 466 | M22: =K22+L22 -> 825 | N22: 343 | O22: 379 | P22: =N22+O22 -> 722 | Q22: 358 | R22: 428 | S22: =Q22+R22 -> 786 | T22: 278 | U22: 360 | V22: =T22+U22 -> 638 | W22: =J22 -> 695 | X22: =M22 -> 825 | Y22: =P22 -> 722 | Z22: =S22 -> 786 | AA22: =V22 -> 638 | AB22: =IFERROR(AA22/$AA$8,0) -> 0.0014628733 | AC22: 34 | AD22: 77 | AE22: 73 | AF22: 74 | AG22: 0 | AJ22: =SUMIF('6월 매출현황(6.26)'!$B:$B,Main!C22,'6월 매출현황(6.26)'!$N:$N) -> 39 | AM22: =AC22+AD22+AE22+AF22+AG22+AJ22 -> 297 | AO22: 0 | AP22: 0 | BC22: 1 | BD22: =AA22*BB22 -> 0 | BE22: =AA22*BC22 -> 638
B23: 이승희 | C23: 남양점현대자동차(구_자동차마을) | E23: 213 | F23: 304 | G23: =E23+F23 -> 517 | H23: 205 | I23: 419 | J23: =H23+I23 -> 624 | K23: 105 | L23: 238 | M23: =K23+L23 -> 343 | N23: 197 | O23: 240 | P23: =N23+O23 -> 437 | Q23: 52 | R23: 160 | S23: =Q23+R23 -> 212 | T23: 6 | U23: 16 | V23: =T23+U23 -> 22 | W23: =J23 -> 624 | X23: =M23 -> 343 | Y23: =P23 -> 437 | Z23: =S23 -> 212 | AA23: =V23 -> 22 | AB23: =IFERROR(AA23/$AA$8,0) -> 5.0443906e-05 | AC23: 0 | AD23: 0 | AE23: 0 | AF23: 2 | AG23: 0 | AJ23: =SUMIF('6월 매출현황(6.26)'!$B:$B,Main!C23,'6월 매출현황(6.26)'!$N:$N) -> 0 | AM23: =AC23+AD23+AE23+AF23+AG23+AJ23 -> 2 | AO23: 0 | AP23: 0 | AQ23: *경쟁사 마켓현황 | BC23: 1 | BD23: =AA23*BB23 -> 0 | BE23: =AA23*BC23 -> 22
B24: 이승희 | C24: 준타이어 | E24: 0 | F24: 0 | G24: =E24+F24 -> 0 | H24: 0 | I24: 0 | J24: =H24+I24 -> 0 | K24: 0 | L24: 0 | M24: =K24+L24 -> 0 | N24: 0 | O24: 0 | P24: =N24+O24 -> 0 | Q24: 0 | R24: 0 | S24: =Q24+R24 -> 0 | T24: 39 | U24: 0 | V24: =T24+U24 -> 39 | W24: =J24 -> 0 | X24: =M24 -> 0 | Y24: =P24 -> 0 | Z24: =S24 -> 0 | AA24: =V24 -> 39 | AB24: =IFERROR(AA24/$AA$8,0) -> 8.9423289e-05 | AC24: 0 | AD24: 0 | AE24: 0 | AF24: 0 | AG24: 0 | AJ24: =SUMIF('6월 매출현황(6.26)'!$B:$B,Main!C24,'6월 매출현황(6.26)'!$N:$N) -> 0 | AM24: =AC24+AD24+AE24+AF24+AG24+AJ24 -> 0 | AO24: 0 | AP24: 0 | AQ24: - 전체적으로 시장자체가 어려운 상황 | BC24: 1 | BD24: =AA24*BB24 -> 0 | BE24: =AA24*BC24 -> 39
B25: 이승희 | C25: 타이어프로당하점 | E25: 0 | F25: 0 | G25: =E25+F25 -> 0 | H25: 0 | I25: 0 | J25: =H25+I25 -> 0 | K25: 0 | L25: 0 | M25: =K25+L25 -> 0 | N25: 0 | O25: 0 | P25: =N25+O25 -> 0 | Q25: 0 | R25: 0 | S25: =Q25+R25 -> 0 | T25: 0 | U25: 158 | V25: =T25+U25 -> 158 | W25: =J25 -> 0 | X25: =M25 -> 0 | Y25: =P25 -> 0 | Z25: =S25 -> 0 | AA25: =V25 -> 158 | AB25: =IFERROR(AA25/$AA$8,0) -> 0.00036227896 | AC25: 0 | AD25: 12 | AE25: 22 | AF25: 42 | AG25: 18 | AI25: 20 | AJ25: =SUMIF('6월 매출현황(6.26)'!$B:$B,Main!C25,'6월 매출현황(6.26)'!$N:$N) -> 8 | AM25: =AC25+AD25+AE25+AF25+AG25+AJ25 -> 102 | AO25: 0 | AP25: 0 | AQ25: - HK : 가격인상 이슈(미확정) , LVR 숏티지 예상 | BC25: 1 | BD25: =AA25*BB25 -> 0 | BE25: =AA25*BC25 -> 158
B26: 이승희 | C26: 정왕타이어 | E26: 0 | F26: 0 | G26: =E26+F26 -> 0 | H26: 0 | I26: 0 | J26: =H26+I26 -> 0 | K26: 0 | L26: 0 | M26: =K26+L26 -> 0 | N26: 0 | O26: 0 | P26: =N26+O26 -> 0 | Q26: 0 | R26: 288 | S26: =Q26+R26 -> 288 | T26: 0 | U26: 6 | V26: =T26+U26 -> 6 | W26: =J26 -> 0 | X26: =M26 -> 0 | Y26: =P26 -> 0 | Z26: =S26 -> 288 | AA26: =V26 -> 6 | AB26: =IFERROR(AA26/$AA$8,0) -> 1.3757429e-05 | AC26: 1 | AD26: 0 | AE26: 0 | AF26: 2 | AG26: 0 | AJ26: =SUMIF('6월 매출현황(6.26)'!$B:$B,Main!C26,'6월 매출현황(6.26)'!$N:$N) -> 0 | AM26: =AC26+AD26+AE26+AF26+AG26+AJ26 -> 3 | AO26: 0 | AP26: 0 | AQ26: - KH : 가격인상 이슈(미확정) | BC26: 1 | BD26: =AA26*BB26 -> 0 | BE26: =AA26*BC26 -> 6
B27: 이승희 | C27: 타이어프로 목감점 | E27: 0 | F27: 0 | G27: =E27+F27 -> 0 | H27: 20 | I27: 30 | J27: =H27+I27 -> 50 | K27: 27 | L27: 22 | M27: =K27+L27 -> 49 | N27: 20 | O27: 50 | P27: =N27+O27 -> 70 | Q27: 39 | R27: 84 | S27: =Q27+R27 -> 123 | T27: 91 | U27: 40 | V27: =T27+U27 -> 131 | W27: =J27 -> 50 | X27: =M27 -> 49 | Y27: =P27 -> 70 | Z27: =S27 -> 123 | AA27: =V27 -> 131 | AB27: =IFERROR(AA27/$AA$8,0) -> 0.00030037053 | AC27: 0 | AD27: 0 | AE27: 0 | AF27: 0 | AG27: 2 | AJ27: =SUMIF('6월 매출현황(6.26)'!$B:$B,Main!C27,'6월 매출현황(6.26)'!$N:$N) -> 2 | AM27: =AC27+AD27+AE27+AF27+AG27+AJ27 -> 4 | AO27: 0 | AP27: 0 | AQ27: - MI, CO : 공격적인 프로모션 진행 중 (상품권 등) | BC27: 1 | BD27: =AA27*BB27 -> 0 | BE27: =AA27*BC27 -> 131
B28: 이승희 | C28: 트루맨컴퍼니 | AC28: 28 | AD28: 0 | AE28: 0 | AF28: 0 | AG28: 6 | AI28: 10 | AJ28: =SUMIF('6월 매출현황(6.26)'!$B:$B,Main!C28,'6월 매출현황(6.26)'!$N:$N) -> 0 | AM28: =AC28+AD28+AE28+AF28+AG28+AJ28 -> 34 | AO28: 0 | AP28: 0 | BC28: 1 | BD28: =AA28*BB28 -> 0 | BE28: =AA28*BC28 -> 0
B29: 이승희 | C29: 타이어월드(BS시흥) | E29: 190 | F29: 197 | G29: =E29+F29 -> 387 | H29: 44 | I29: 147 | J29: =H29+I29 -> 191 | K29: 180 | L29: 368 | M29: =K29+L29 -> 548 | N29: 349 | O29: 364 | P29: =N29+O29 -> 713 | Q29: 174 | R29: 323 | S29: =Q29+R29 -> 497 | T29: 174 | U29: 255 | V29: =T29+U29 -> 429 | W29: =J29 -> 191 | X29: =M29 -> 548 | Y29: =P29 -> 713 | Z29: =S29 -> 497 | AA29: =V29 -> 429 | AB29: =IFERROR(AA29/$AA$8,0) -> 0.00098365617 | AC29: 27 | AD29: 38 | AE29: 30 | AF29: 37 | AG29: 18 | AI29: 20 | AJ29: =SUMIF('6월 매출현황(6.26)'!$B:$B,Main!C29,'6월 매출현황(6.26)'!$N:$N) -> 27 | AM29: =AC29+AD29+AE29+AF29+AG29+AJ29 -> 177 | AO29: 0 | AP29: 0 | BC29: 1 | BD29: =AA29*BB29 -> 0 | BE29: =AA29*BC29 -> 429
B30: 이승희 | C30: 타이어피플 | AG30: 20 | AI30: 20 | AJ30: =SUMIF('6월 매출현황(6.26)'!$B:$B,Main!C30,'6월 매출현황(6.26)'!$N:$N) -> 60 | AK30: 20 | AM30: =AC30+AD30+AE30+AF30+AG30+AJ30 -> 80
B31: 이승희 | C31: 타이어아울렛 (마석 본점) | E31: 0 | F31: 0 | G31: =E31+F31 -> 0 | H31: 0 | I31: 0 | J31: =H31+I31 -> 0 | K31: 0 | L31: 0 | M31: =K31+L31 -> 0 | N31: 0 | O31: 0 | P31: =N31+O31 -> 0 | S31: =Q31+R31 -> 0 | T31: 0 | U31: 153 | V31: =T31+U31 -> 153 | W31: =J31 -> 0 | X31: =M31 -> 0 | Y31: =P31 -> 0 | Z31: =S31 -> 0 | AA31: =V31 -> 153 | AB31: =IFERROR(AA31/$AA$8,0) -> 0.00035081444 | AC31: 30 | AD31: 24 | AE31: 20 | AF31: 0 | AG31: 0 | AJ31: =SUMIF('6월 매출현황(6.26)'!$B:$B,Main!C31,'6월 매출현황(6.26)'!$N:$N) -> 0 | AM31: =AC31+AD31+AE31+AF31+AG31+AJ31 -> 74 | AO31: 0 | AP31: 0 | BC31: 1 | BD31: =AA31*BB31 -> 0 | BE31: =AA31*BC31 -> 153
B32: 이승희 | C32: 주식회사 북항현대판매(구_신광사) | E32: 9 | F32: 16 | G32: =E32+F32 -> 25 | H32: 10 | I32: 8 | J32: =H32+I32 -> 18 | K32: 4 | L32: 16 | M32: =K32+L32 -> 20 | N32: 4 | O32: 1 | P32: =N32+O32 -> 5 | Q32: 6 | R32: 18 | S32: =Q32+R32 -> 24 | T32: 0 | U32: 10 | V32: =T32+U32 -> 10 | W32: =J32 -> 18 | X32: =M32 -> 20 | Y32: =P32 -> 5 | Z32: =S32 -> 24 | AA32: =V32 -> 10 | AB32: =IFERROR(AA32/$AA$8,0) -> 2.2929048e-05 | AC32: 2 | AD32: 0 | AE32: 0 | AF32: 0 | AG32: 6 | AJ32: =SUMIF('6월 매출현황(6.26)'!$B:$B,Main!C32,'6월 매출현황(6.26)'!$N:$N) -> 4 | AM32: =AC32+AD32+AE32+AF32+AG32+AJ32 -> 12 | AO32: 0 | AP32: 0 | BC32: 1 | BD32: =AA32*BB32 -> 0 | BE32: =AA32*BC32 -> 10
B33: 이승희 | C33: 춘천타이어 2호점 | E33: 0 | F33: 0 | G33: =E33+F33 -> 0 | H33: 0 | I33: 0 | J33: =H33+I33 -> 0 | K33: 0 | L33: 0 | M33: =K33+L33 -> 0 | N33: 0 | O33: 0 | P33: =N33+O33 -> 0 | S33: =Q33+R33 -> 0 | T33: 0 | U33: 32 | V33: =T33+U33 -> 32 | W33: =J33 -> 0 | X33: =M33 -> 0 | Y33: =P33 -> 0 | Z33: =S33 -> 0 | AA33: =V33 -> 32 | AB33: =IFERROR(AA33/$AA$8,0) -> 7.3372955e-05 | AC33: 14 | AD33: 11 | AE33: 0 | AF33: 8 | AG33: 0 | AI33: 20 | AJ33: =SUMIF('6월 매출현황(6.26)'!$B:$B,Main!C33,'6월 매출현황(6.26)'!$N:$N) -> 0 | AM33: =AC33+AD33+AE33+AF33+AG33+AJ33 -> 33 | AO33: 0 | AP33: 0 | BC33: 1 | BD33: =AA33*BB33 -> 0 | BE33: =AA33*BC33 -> 32
B34: 이승희 | C34: 타이어프로 신천IC점 | E34: 0 | F34: 0 | G34: =E34+F34 -> 0 | H34: 0 | I34: 0 | J34: =H34+I34 -> 0 | K34: 0 | L34: 0 | M34: =K34+L34 -> 0 | N34: 0 | O34: 79 | P34: =N34+O34 -> 79 | Q34: 13 | R34: 7 | S34: =Q34+R34 -> 20 | T34: 0 | U34: 0 | V34: =T34+U34 -> 0 | W34: =J34 -> 0 | X34: =M34 -> 0 | Y34: =P34 -> 79 | Z34: =S34 -> 20 | AA34: =V34 -> 0 | AB34: =IFERROR(AA34/$AA$8,0) -> 0 | AC34: 0 | AD34: 0 | AE34: 0 | AF34: 0 | AG34: 0 | AJ34: =SUMIF('6월 매출현황(6.26)'!$B:$B,Main!C34,'6월 매출현황(6.26)'!$N:$N) -> 0 | AM34: =AC34+AD34+AE34+AF34+AG34+AJ34 -> 0 | AO34: 0 | AP34: 0 | BC34: 1 | BD34: =AA34*BB34 -> 0 | BE34: =AA34*BC34 -> 0
B35: 이승희 | C35: (주)유일이엔티 | E35: 0 | F35: 0 | G35: =E35+F35 -> 0 | H35: 0 | I35: 226 | J35: =H35+I35 -> 226 | K35: 551 | L35: 181 | M35: =K35+L35 -> 732 | N35: 27 | O35: 0 | P35: =N35+O35 -> 27 | Q35: 0 | R35: 0 | S35: =Q35+R35 -> 0 | T35: 0 | U35: 0 | V35: =T35+U35 -> 0 | W35: =J35 -> 226 | X35: =M35 -> 732 | Y35: =P35 -> 27 | Z35: =S35 -> 0 | AA35: =V35 -> 0 | AB35: =IFERROR(AA35/$AA$8,0) -> 0 | AC35: 0 | AD35: 0 | AE35: 0 | AF35: 0 | AG35: 0 | AJ35: =SUMIF('6월 매출현황(6.26)'!$B:$B,Main!C35,'6월 매출현황(6.26)'!$N:$N) -> 0 | AM35: =AC35+AD35+AE35+AF35+AG35+AJ35 -> 0 | AO35: 0 | AP35: 0 | BC35: 1 | BD35: =AA35*BB35 -> 0 | BE35: =AA35*BC35 -> 0
B36: 이승희 | C36: 타이어팩토리 호계점 | E36: 0 | F36: 0 | G36: =E36+F36 -> 0 | H36: 0 | I36: 0 | J36: =H36+I36 -> 0 | K36: 0 | L36: 0 | M36: =K36+L36 -> 0 | N36: 0 | O36: 20 | P36: =N36+O36 -> 20 | Q36: 0 | R36: 0 | S36: =Q36+R36 -> 0 | T36: 0 | U36: 0 | V36: =T36+U36 -> 0 | W36: =J36 -> 0 | X36: =M36 -> 0 | Y36: =P36 -> 20 | Z36: =S36 -> 0 | AA36: =V36 -> 0 | AB36: =IFERROR(AA36/$AA$8,0) -> 0 | AC36: 0 | AD36: 0 | AE36: 0 | AF36: 0 | AG36: 0 | AJ36: =SUMIF('6월 매출현황(6.26)'!$B:$B,Main!C36,'6월 매출현황(6.26)'!$N:$N) -> 0 | AM36: =AC36+AD36+AE36+AF36+AG36+AJ36 -> 0 | AO36: 0 | AP36: 0 | BC36: 1 | BD36: =AA36*BB36 -> 0 | BE36: =AA36*BC36 -> 0
B37: 이승희 | C37: 티스테이션 시흥은계점 | E37: 0 | F37: 0 | G37: =E37+F37 -> 0 | H37: 44 | I37: 105 | J37: =H37+I37 -> 149 | K37: 22 | L37: 147 | M37: =K37+L37 -> 169 | N37: 30 | O37: 50 | P37: =N37+O37 -> 80 | Q37: 0 | R37: 27 | S37: =Q37+R37 -> 27 | T37: 11 | U37: 0 | V37: =T37+U37 -> 11 | W37: =J37 -> 149 | X37: =M37 -> 169 | Y37: =P37 -> 80 | Z37: =S37 -> 27 | AA37: =V37 -> 11 | AB37: =IFERROR(AA37/$AA$8,0) -> 2.5221953e-05 | AC37: 0 | AD37: 0 | AE37: 0 | AF37: 0 | AG37: 0 | AJ37: =SUMIF('6월 매출현황(6.26)'!$B:$B,Main!C37,'6월 매출현황(6.26)'!$N:$N) -> 0 | AM37: =AC37+AD37+AE37+AF37+AG37+AJ37 -> 0 | AO37: 0 | AP37: 0 | BC37: 1 | BD37: =AA37*BB37 -> 0 | BE37: =AA37*BC37 -> 11
B38: 이승희 | C38: 평촌오토자동차(주) | E38: 0 | F38: 0 | G38: =E38+F38 -> 0 | H38: 0 | I38: 0 | J38: =H38+I38 -> 0 | K38: 50 | L38: 0 | M38: =K38+L38 -> 50 | N38: 0 | O38: 0 | P38: =N38+O38 -> 0 | Q38: 0 | R38: 0 | S38: =Q38+R38 -> 0 | T38: 0 | U38: 0 | V38: =T38+U38 -> 0 | W38: =J38 -> 0 | X38: =M38 -> 50 | Y38: =P38 -> 0 | Z38: =S38 -> 0 | AA38: =V38 -> 0 | AB38: =IFERROR(AA38/$AA$8,0) -> 0 | AC38: 0 | AD38: 0 | AE38: 0 | AF38: 0 | AG38: 0 | AJ38: =SUMIF('6월 매출현황(6.26)'!$B:$B,Main!C38,'6월 매출현황(6.26)'!$N:$N) -> 0 | AM38: =AC38+AD38+AE38+AF38+AG38+AJ38 -> 0 | AO38: 0 | AP38: 0 | BC38: 1 | BD38: =AA38*BB38 -> 0 | BE38: =AA38*BC38 -> 0
B39: 이승희 | C39: 동림TDS(2010) | E39: 2 | F39: 0 | G39: =E39+F39 -> 2 | H39: 0 | I39: 0 | J39: =H39+I39 -> 0 | K39: 0 | L39: 0 | M39: =K39+L39 -> 0 | N39: 0 | O39: 0 | P39: =N39+O39 -> 0 | Q39: 0 | R39: 4 | S39: =Q39+R39 -> 4 | T39: 0 | U39: 0 | V39: =T39+U39 -> 0 | W39: =J39 -> 0 | X39: =M39 -> 0 | Y39: =P39 -> 0 | Z39: =S39 -> 4 | AA39: =V39 -> 0 | AB39: =IFERROR(AA39/$AA$8,0) -> 0 | AC39: 0 | AD39: 0 | AE39: 0 | AF39: 0 | AG39: 0 | AJ39: =SUMIF('6월 매출현황(6.26)'!$B:$B,Main!C39,'6월 매출현황(6.26)'!$N:$N) -> 0 | AM39: =AC39+AD39+AE39+AF39+AG39+AJ39 -> 0 | AO39: 0 | AP39: 0 | BC39: 1 | BD39: =AA39*BB39 -> 0 | BE39: =AA39*BC39 -> 0
B40: 이승희 | C40: (주)동림산업-BDG | E40: 4 | F40: 0 | G40: =E40+F40 -> 4 | H40: 0 | I40: 0 | J40: =H40+I40 -> 0 | K40: 0 | L40: 0 | M40: =K40+L40 -> 0 | N40: 0 | O40: 2 | P40: =N40+O40 -> 2 | Q40: 0 | R40: 0 | S40: =Q40+R40 -> 0 | T40: 2 | U40: 0 | V40: =T40+U40 -> 2 | W40: =J40 -> 0 | X40: =M40 -> 0 | Y40: =P40 -> 2 | Z40: =S40 -> 0 | AA40: =V40 -> 2 | AB40: =IFERROR(AA40/$AA$8,0) -> 4.5858097e-06 | AC40: 0 | AD40: 0 | AE40: 0 | AF40: 0 | AG40: 0 | AJ40: =SUMIF('6월 매출현황(6.26)'!$B:$B,Main!C40,'6월 매출현황(6.26)'!$N:$N) -> 0 | AM40: =AC40+AD40+AE40+AF40+AG40+AJ40 -> 0 | AO40: 0 | AP40: 0 | BC40: 1 | BD40: =AA40*BB40 -> 0 | BE40: =AA40*BC40 -> 2
B41: 이승희 | C41: 금호강릉대리점 (금호공업사) | E41: 0 | F41: 0 | G41: =E41+F41 -> 0 | H41: 0 | I41: 0 | J41: =H41+I41 -> 0 | K41: 0 | L41: 0 | M41: =K41+L41 -> 0 | N41: 0 | O41: 0 | P41: =N41+O41 -> 0 | Q41: 0 | R41: 4 | S41: =Q41+R41 -> 4 | T41: 0 | U41: 0 | V41: =T41+U41 -> 0 | W41: =J41 -> 0 | X41: =M41 -> 0 | Y41: =P41 -> 0 | Z41: =S41 -> 4 | AA41: =V41 -> 0 | AB41: =IFERROR(AA41/$AA$8,0) -> 0 | AC41: 0 | AD41: 0 | AE41: 0 | AF41: 0 | AG41: 0 | AJ41: =SUMIF('6월 매출현황(6.26)'!$B:$B,Main!C41,'6월 매출현황(6.26)'!$N:$N) -> 0 | AM41: =AC41+AD41+AE41+AF41+AG41+AJ41 -> 0 | AO41: 0 | AP41: 0 | BD41: =AA41*BB41 -> 0 | BE41: =AA41*BC41 -> 0
B42: 이승희 | C42: 신창타이어주식회사(신화 서브딜러)_사용안함 | E42: 0 | F42: 7952 | G42: =E42+F42 -> 7952 | H42: -1 | I42: 0 | J42: =H42+I42 -> -1 | K42: 0 | L42: 4 | M42: =K42+L42 -> 4 | N42: 0 | O42: 4 | P42: =N42+O42 -> 4 | Q42: 0 | R42: 148 | S42: =Q42+R42 -> 148 | T42: 0 | U42: 0 | V42: =T42+U42 -> 0 | W42: =J42 -> -1 | X42: =M42 -> 4 | Y42: =P42 -> 4 | Z42: =S42 -> 148 | AA42: =V42 -> 0 | AB42: =IFERROR(AA42/$AA$8,0) -> 0 | AC42: 0 | AD42: 0 | AE42: 0 | AF42: 0 | AG42: 0 | AJ42: =SUMIF('6월 매출현황(6.26)'!$B:$B,Main!C42,'6월 매출현황(6.26)'!$N:$N) -> 0 | AM42: =AC42+AD42+AE42+AF42+AG42+AJ42 -> 0 | AO42: 0 | AP42: 0 | BD42: =AA42*BB42 -> 0 | BE42: =AA42*BC42 -> 0
B43: 이승희 | C43: 이승희 Total | D43: 0.083386498 | E43: =SUM(E16:E42) -> 12205 | F43: =SUM(F16:F42) -> 24384 | G43: =E43+F43 -> 36589 | H43: =SUM(H16:H42) -> 16016 | I43: =SUM(I16:I42) -> 47785 | J43: =H43+I43 -> 63801 | K43: =SUM(K16:K42) -> 25299 | L43: =SUM(L16:L42) -> 29844 | M43: =K43+L43 -> 55143 | N43: =SUM(N16:N42) -> 16163 | O43: =SUM(O16:O42) -> 30827 | P43: =N43+O43 -> 46990 | Q43: =SUM(Q16:Q42) -> 10983 | R43: =SUM(R16:R42) -> 20838 | S43: =Q43+R43 -> 31821 | T43: =SUM(T16:T42) -> 12959 | U43: =SUM(U16:U42) -> 24005 | V43: =SUM(V16:V101) -> 36882 | W43: =SUM(W16:W42) -> 63801 | X43: =SUM(X16:X42) -> 55143 | Y43: =SUM(Y16:Y42) -> 46990 | Z43: =SUM(Z16:Z42) -> 31821 | AA43: =SUM(AA16:AA42) -> 36964 | AB43: =IFERROR(AA43/$AA$8,0) -> 0.084754934 | AC43: =SUM(AC16:AC42) -> 1402 | AD43: =SUM(AD16:AD42) -> 872 | AE43: =SUM(AE16:AE42) -> 1613 | AF43: =SUM(AF16:AF42) -> 2031 | AG43: =SUM(AG16:AG42) -> 3197 | AH43: =$D43*$AR$3 -> 3512.1559 | AI43: =SUM(AI16:AI42) -> 2987.78 | AJ43: =SUM(AJ16:AJ42) -> 2406 | AK43: =SUM(AK16:AK42) -> 1034.78 | AM43: =SUM(AM16:AM42) -> 11521 | AN43: =AM43-(D43*$AJ$2) -> -3695.3682 | AO43: =SUM(AO16:AO42) -> 12046.417 | AP43: =SUM(AP16:AP42) -> 1.1150738e+09 | BD43: =SUM(BD16:BD42) -> 20001.4 | BE43: =SUM(BE16:BE42) -> 16962.6
B44: 홍종인 | C44: 일풍트레이딩 | E44: 3532 | F44: 5527 | G44: =E44+F44 -> 9059 | H44: 4363 | I44: 5436 | J44: =H44+I44 -> 9799 | K44: 5010 | L44: 4554 | M44: =K44+L44 -> 9564 | N44: 2425 | O44: 1506 | P44: =N44+O44 -> 3931 | Q44: 1514 | R44: 2042 | S44: =Q44+R44 -> 3556 | T44: 1207 | U44: 2442 | V44: =T44+U44 -> 3649 | W44: =J44 -> 9799 | X44: =M44 -> 9564 | Y44: =P44 -> 3931 | Z44: =S44 -> 3556 | AA44: =V44 -> 3649 | AB44: =IFERROR(AA44/$AA$8,0) -> 0.0083668097 | AC44: -129 | AD44: 91 | AE44: 67 | AF44: 444 | AG44: 262 | AI44: 600 | AJ44: =SUMIF('6월 매출현황(6.26)'!$B:$B,Main!C44,'6월 매출현황(6.26)'!$N:$N) -> 652 | AK44: 150 | AL44: 1H 타겟 달성 예정 | AM44: =AC44+AD44+AE44+AF44+AG44+AJ44 -> 1387 | AO44: 1327.7 | AP44: 2.5058904e+08 | BB44: 0.1 | BC44: 0.9 | BD44: =AA44*BB44 -> 364.9 | BE44: =AA44*BC44 -> 3284.1
B45: 홍종인 | C45: 주식회사 쌍성트레이딩(일풍) | E45: 0 | F45: 0 | G45: =E45+F45 -> 0 | H45: 0 | I45: 0 | J45: =H45+I45 -> 0 | K45: 0 | L45: 0 | M45: =K45+L45 -> 0 | N45: 0 | O45: 2 | P45: =N45+O45 -> 2 | Q45: 0 | R45: 0 | S45: =Q45+R45 -> 0 | T45: 0 | U45: 0 | V45: =T45+U45 -> 0 | W45: =J45 -> 0 | X45: =M45 -> 0 | Y45: =P45 -> 2 | Z45: =S45 -> 0 | AA45: =V45 -> 0 | AB45: =IFERROR(AA45/$AA$8,0) -> 0 | AC45: 0 | AD45: 0 | AE45: 0 | AF45: 0 | AG45: 0 | AJ45: =SUMIF('6월 매출현황(6.26)'!$B:$B,Main!C45,'6월 매출현황(6.26)'!$N:$N) -> 0 | AM45: =AC45+AD45+AE45+AF45+AG45+AJ45 -> 0 | AO45: 0 | AP45: 0 | BD45: =AA45*BB45 -> 0 | BE45: =AA45*BC45 -> 0
B46: 홍종인 | C46: 타이어연합회주식회사 | E46: 3319 | F46: 4609 | G46: =E46+F46 -> 7928 | H46: 2700 | I46: 5310 | J46: =H46+I46 -> 8010 | K46: 3315 | L46: 5524 | M46: =K46+L46 -> 8839 | N46: 3208 | O46: 6849 | P46: =N46+O46 -> 10057 | Q46: 6001 | R46: 11616 | S46: =Q46+R46 -> 17617 | T46: 6977 | U46: 12103 | V46: =T46+U46 -> 19080 | W46: =J46 -> 8010 | X46: =M46 -> 8839 | Y46: =P46 -> 10057 | Z46: =S46 -> 17617 | AA46: =V46 -> 19080 | AB46: =IFERROR(AA46/$AA$8,0) -> 0.043748624 | AC46: 708 | AD46: 1863 | AE46: 1503 | AF46: 1241 | AG46: 2516 | AI46: 1600 | AJ46: =SUMIF('6월 매출현황(6.26)'!$B:$B,Main!C46,'6월 매출현황(6.26)'!$N:$N) -> 2672 | AK46: 50 | AL46: LE3 및 RE005 매입으로 인한 수량 달성 예정 | AM46: =AC46+AD46+AE46+AF46+AG46+AJ46 -> 10503 | AO46: 4900.8488 | AP46: 5.5105411e+08 | BB46: 0.1 | BC46: 0.9 | BD46: =AA46*BB46 -> 1908 | BE46: =AA46*BC46 -> 17172
B47: 홍종인 | C47: (주)카우타이어 | E47: 0 | F47: 0 | G47: =E47+F47 -> 0 | H47: 0 | I47: 0 | J47: =H47+I47 -> 0 | K47: 0 | L47: 0 | M47: =K47+L47 -> 0 | N47: 0 | O47: 0 | P47: =N47+O47 -> 0 | Q47: 0 | R47: 298 | S47: =Q47+R47 -> 298 | T47: 3279 | U47: 6680 | V47: =T47+U47 -> 9959 | W47: =J47 -> 0 | X47: =M47 -> 0 | Y47: =P47 -> 0 | Z47: =S47 -> 298 | AA47: =V47 -> 9959 | AB47: =IFERROR(AA47/$AA$8,0) -> 0.022835039 | AC47: 866 | AD47: 470 | AE47: 505 | AF47: 411 | AG47: 729 | AI47: 800 | AJ47: =SUMIF('6월 매출현황(6.26)'!$B:$B,Main!C47,'6월 매출현황(6.26)'!$N:$N) -> 749 | AK47: 40 | AL47: 다음주 새 매장 가오픈, 소매 악화로 인해 주문 저조 | AM47: =AC47+AD47+AE47+AF47+AG47+AJ47 -> 3730 | AO47: 3606.9 | AP47: 3.6146205e+08 | BB47: 0.1 | BC47: 0.9 | BD47: =AA47*BB47 -> 995.9 | BE47: =AA47*BC47 -> 8963.1
B48: 홍종인 | C48: 주식회사 도우타이어 | E48: 0 | F48: 0 | G48: =E48+F48 -> 0 | H48: 0 | I48: 0 | J48: =H48+I48 -> 0 | K48: 0 | L48: 0 | M48: =K48+L48 -> 0 | N48: 0 | O48: 0 | P48: =N48+O48 -> 0 | Q48: 0 | R48: 0 | S48: =Q48+R48 -> 0 | T48: 1201 | U48: 2611 | V48: =T48+U48 -> 3812 | W48: =J48 -> 0 | X48: =M48 -> 0 | Y48: =P48 -> 0 | Z48: =S48 -> 0 | AA48: =V48 -> 3812 | AB48: =IFERROR(AA48/$AA$8,0) -> 0.0087405532 | AC48: 209 | AD48: 310 | AE48: 507 | AF48: 528 | AG48: 467 | AI48: 600 | AJ48: =SUMIF('6월 매출현황(6.26)'!$B:$B,Main!C48,'6월 매출현황(6.26)'!$N:$N) -> 406 | AK48: 40 | AL48: 전년대비 소매 20% 이상 감소, PSAS 패턴 관심 영업중 | AM48: =AC48+AD48+AE48+AF48+AG48+AJ48 -> 2427 | AO48: 1321.1 | AP48: 1.2163974e+08 | BB48: 0.1 | BC48: 0.9 | BD48: =AA48*BB48 -> 381.2 | BE48: =AA48*BC48 -> 3430.8
B49: 홍종인 | C49: 다올 타이어 | E49: 136 | F49: 505 | G49: =E49+F49 -> 641 | H49: 317 | I49: 342 | J49: =H49+I49 -> 659 | K49: 301 | L49: 355 | M49: =K49+L49 -> 656 | N49: 141 | O49: 264 | P49: =N49+O49 -> 405 | Q49: 438 | R49: 467 | S49: =Q49+R49 -> 905 | T49: 229 | U49: 315 | V49: =T49+U49 -> 544 | W49: =J49 -> 659 | X49: =M49 -> 656 | Y49: =P49 -> 405 | Z49: =S49 -> 905 | AA49: =V49 -> 544 | AB49: =IFERROR(AA49/$AA$8,0) -> 0.0012473402 | AC49: 15 | AD49: 0 | AE49: 56 | AF49: 28 | AG49: 22 | AI49: 40 | AJ49: =SUMIF('6월 매출현황(6.26)'!$B:$B,Main!C49,'6월 매출현황(6.26)'!$N:$N) -> 38 | AM49: =AC49+AD49+AE49+AF49+AG49+AJ49 -> 159 | AO49: 0 | AP49: 0 | BC49: 1 | BD49: =AA49*BB49 -> 0 | BE49: =AA49*BC49 -> 544
B50: 홍종인 | C50: 플렉스타이어 | E50: 0 | F50: 0 | G50: =E50+F50 -> 0 | H50: 200 | I50: 473 | J50: =H50+I50 -> 673 | K50: 640 | L50: 642 | M50: =K50+L50 -> 1282 | N50: 201 | O50: 128 | P50: =N50+O50 -> 329 | Q50: 29 | R50: 177 | S50: =Q50+R50 -> 206 | T50: 204 | U50: 146 | V50: =T50+U50 -> 350 | W50: =J50 -> 673 | X50: =M50 -> 1282 | Y50: =P50 -> 329 | Z50: =S50 -> 206 | AA50: =V50 -> 350 | AB50: =IFERROR(AA50/$AA$8,0) -> 0.00080251669 | AC50: 8 | AD50: 0 | AE50: 0 | AF50: 0 | AG50: 0 | AJ50: =SUMIF('6월 매출현황(6.26)'!$B:$B,Main!C50,'6월 매출현황(6.26)'!$N:$N) -> 0 | AM50: =AC50+AD50+AE50+AF50+AG50+AJ50 -> 8 | AO50: 0 | AP50: 0 | BC50: 1 | BD50: =AA50*BB50 -> 0 | BE50: =AA50*BC50 -> 350
B51: 홍종인 | C51: 동원타이어 | E51: 33 | F51: 321 | G51: =E51+F51 -> 354 | H51: 54 | I51: 74 | J51: =H51+I51 -> 128 | K51: 63 | L51: 404 | M51: =K51+L51 -> 467 | N51: 134 | O51: 142 | P51: =N51+O51 -> 276 | Q51: 71 | R51: 92 | S51: =Q51+R51 -> 163 | T51: 50 | U51: 54 | V51: =T51+U51 -> 104 | W51: =J51 -> 128 | X51: =M51 -> 467 | Y51: =P51 -> 276 | Z51: =S51 -> 163 | AA51: =V51 -> 104 | AB51: =IFERROR(AA51/$AA$8,0) -> 0.0002384621 | AC51: 0 | AD51: 20 | AE51: 0 | AF51: 0 | AG51: 0 | AI51: 20 | AJ51: =SUMIF('6월 매출현황(6.26)'!$B:$B,Main!C51,'6월 매출현황(6.26)'!$N:$N) -> 0 | AM51: =AC51+AD51+AE51+AF51+AG51+AJ51 -> 20 | AO51: 0 | AP51: 0 | BC51: 1 | BD51: =AA51*BB51 -> 0 | BE51: =AA51*BC51 -> 104
B52: 홍종인 | C52: 타이어드림 | E52: 0 | F52: 0 | G52: =E52+F52 -> 0 | H52: 0 | I52: 0 | J52: =H52+I52 -> 0 | K52: 0 | L52: 0 | M52: =K52+L52 -> 0 | N52: 0 | O52: 0 | P52: =N52+O52 -> 0 | Q52: 610 | R52: 2001 | S52: =Q52+R52 -> 2611 | T52: 417 | U52: 751 | V52: =T52+U52 -> 1168 | W52: =J52 -> 0 | X52: =M52 -> 0 | Y52: =P52 -> 0 | Z52: =S52 -> 2611 | AA52: =V52 -> 1168 | AB52: =IFERROR(AA52/$AA$8,0) -> 0.0026781128 | AC52: 57 | AD52: 66 | AE52: 83 | AF52: 120 | AG52: 64 | AI52: 120 | AJ52: =SUMIF('6월 매출현황(6.26)'!$B:$B,Main!C52,'6월 매출현황(6.26)'!$N:$N) -> 78 | AK52: 20 | AM52: =AC52+AD52+AE52+AF52+AG52+AJ52 -> 468 | AO52: 0 | AP52: 0 | BC52: 1 | BD52: =AA52*BB52 -> 0 | BE52: =AA52*BC52 -> 1168
B53: 홍종인 | C53: 타이어드림 평택서비스만족2호점 | E53: 0 | F53: 0 | G53: =E53+F53 -> 0 | H53: 0 | I53: 0 | J53: =H53+I53 -> 0 | K53: 0 | L53: 0 | M53: =K53+L53 -> 0 | N53: 0 | O53: 0 | P53: =N53+O53 -> 0 | Q53: 0 | R53: 0 | S53: =Q53+R53 -> 0 | T53: 0 | U53: 118 | V53: =T53+U53 -> 118 | W53: =J53 -> 0 | X53: =M53 -> 0 | Y53: =P53 -> 0 | Z53: =S53 -> 0 | AA53: =V53 -> 118 | AB53: =IFERROR(AA53/$AA$8,0) -> 0.00027056277 | AC53: 0 | AD53: 0 | AE53: 0 | AF53: 0 | AG53: 0 | AJ53: =SUMIF('6월 매출현황(6.26)'!$B:$B,Main!C53,'6월 매출현황(6.26)'!$N:$N) -> 0 | AM53: =AC53+AD53+AE53+AF53+AG53+AJ53 -> 0 | AO53: 0 | AP53: 0 | BC53: 1 | BD53: =AA53*BB53 -> 0 | BE53: =AA53*BC53 -> 118
B54: 홍종인 | C54: 유리무역 | E54: 0 | F54: 0 | G54: =E54+F54 -> 0 | H54: 0 | I54: 154 | J54: =H54+I54 -> 154 | K54: 126 | L54: 10 | M54: =K54+L54 -> 136 | N54: 20 | O54: 8 | P54: =N54+O54 -> 28 | Q54: 0 | R54: 0 | S54: =Q54+R54 -> 0 | T54: 0 | U54: 157 | V54: =T54+U54 -> 157 | W54: =J54 -> 154 | X54: =M54 -> 136 | Y54: =P54 -> 28 | Z54: =S54 -> 0 | AA54: =V54 -> 157 | AB54: =IFERROR(AA54/$AA$8,0) -> 0.00035998606 | AC54: 12 | AD54: 10 | AE54: 0 | AF54: 27 | AG54: 0 | AJ54: =SUMIF('6월 매출현황(6.26)'!$B:$B,Main!C54,'6월 매출현황(6.26)'!$N:$N) -> 0 | AM54: =AC54+AD54+AE54+AF54+AG54+AJ54 -> 49 | AO54: 0 | AP54: 0 | BC54: 1 | BD54: =AA54*BB54 -> 0 | BE54: =AA54*BC54 -> 157
B55: 홍종인 | C55: 티스테이션안산법원점(구.더타이어샵 고잔점) | E55: 436 | F55: 174 | G55: =E55+F55 -> 610 | H55: 158 | I55: 210 | J55: =H55+I55 -> 368 | K55: 29 | L55: 29 | M55: =K55+L55 -> 58 | N55: 12 | O55: 22 | P55: =N55+O55 -> 34 | Q55: 11 | R55: 173 | S55: =Q55+R55 -> 184 | T55: 355 | U55: 245 | V55: =T55+U55 -> 600 | W55: =J55 -> 368 | X55: =M55 -> 58 | Y55: =P55 -> 34 | Z55: =S55 -> 184 | AA55: =V55 -> 600 | AB55: =IFERROR(AA55/$AA$8,0) -> 0.0013757429 | AC55: 40 | AD55: 70 | AE55: 60 | AF55: 45 | AG55: 28 | AI55: 40 | AJ55: =SUMIF('6월 매출현황(6.26)'!$B:$B,Main!C55,'6월 매출현황(6.26)'!$N:$N) -> 36 | AK55: 8 | AM55: =AC55+AD55+AE55+AF55+AG55+AJ55 -> 279 | AO55: 0 | AP55: 0 | BC55: 1 | BD55: =AA55*BB55 -> 0 | BE55: =AA55*BC55 -> 600
B56: 홍종인 | C56: 주식회사 지유네트웍스 | E56: 3040 | F56: 22157 | G56: =E56+F56 -> 25197 | H56: 4979 | I56: 10890 | J56: =H56+I56 -> 15869 | K56: 816 | L56: 2298 | M56: =K56+L56 -> 3114 | N56: 875 | O56: 2088 | P56: =N56+O56 -> 2963 | Q56: 297 | R56: 1985 | S56: =Q56+R56 -> 2282 | T56: 226 | U56: 1092 | V56: =T56+U56 -> 1318 | W56: =J56 -> 15869 | X56: =M56 -> 3114 | Y56: =P56 -> 2963 | Z56: =S56 -> 2282 | AA56: =V56 -> 1318 | AB56: =IFERROR(AA56/$AA$8,0) -> 0.0030220486 | AC56: 16 | AD56: 61 | AE56: 62 | AF56: 4 | AG56: 4 | AI56: 40 | AJ56: =SUMIF('6월 매출현황(6.26)'!$B:$B,Main!C56,'6월 매출현황(6.26)'!$N:$N) -> 0 | AM56: =AC56+AD56+AE56+AF56+AG56+AJ56 -> 147 | AO56: 0 | AP56: 0 | BB56: 0.9 | BC56: 0.1 | BD56: =AA56*BB56 -> 1186.2 | BE56: =AA56*BC56 -> 131.8
B57: 홍종인 | C57: 타이어타운 | AF57: 24 | AG57: 20 | AI57: 20 | AJ57: =SUMIF('6월 매출현황(6.26)'!$B:$B,Main!C57,'6월 매출현황(6.26)'!$N:$N) -> 50 | AM57: =AC57+AD57+AE57+AF57+AG57+AJ57 -> 94 | BD57: =AA57*BB57 -> 0 | BE57: =AA57*BC57 -> 0
B58: 홍종인 | C58: 주식회사 새길타이어 | AG58: 7 | AJ58: =SUMIF('6월 매출현황(6.26)'!$B:$B,Main!C58,'6월 매출현황(6.26)'!$N:$N) -> 0 | AL58: 현재 미쉐린, 콘티 공격적인 프로모션 진행중 | AM58: =AC58+AD58+AE58+AF58+AG58+AJ58 -> 7
B59: 홍종인 | C59: 현우타이어 | AG59: 4 | AJ59: =SUMIF('6월 매출현황(6.26)'!$B:$B,Main!C59,'6월 매출현황(6.26)'!$N:$N) -> 0 | AL59: 브리지스톤 제품도 피트인, 넘버원등 도매시장에 공격적인 가격으로 가격 제안 중 | AM59: =AC59+AD59+AE59+AF59+AG59+AJ59 -> 4
B60: 홍종인 | C60: 이룩상사 | E60: 0 | F60: 6 | G60: =E60+F60 -> 6 | H60: 0 | I60: 12 | J60: =H60+I60 -> 12 | K60: 0 | L60: 2 | M60: =K60+L60 -> 2 | N60: 2 | O60: 0 | P60: =N60+O60 -> 2 | Q60: 12 | R60: 14 | S60: =Q60+R60 -> 26 | T60: 10 | U60: 7 | V60: =T60+U60 -> 17 | W60: =J60 -> 12 | X60: =M60 -> 2 | Y60: =P60 -> 2 | Z60: =S60 -> 26 | AA60: =V60 -> 17 | AB60: =IFERROR(AA60/$AA$8,0) -> 3.8979382e-05 | AC60: 0 | AD60: 0 | AE60: 4 | AF60: 0 | AG60: 0 | AJ60: =SUMIF('6월 매출현황(6.26)'!$B:$B,Main!C60,'6월 매출현황(6.26)'!$N:$N) -> 0 | AM60: =AC60+AD60+AE60+AF60+AG60+AJ60 -> 4 | AO60: 0 | AP60: 0 | BC60: 1 | BD60: =AA60*BB60 -> 0 | BE60: =AA60*BC60 -> 17
B61: 홍종인 | C61: 랠리오토서비스 | E61: 0 | F61: 0 | G61: =E61+F61 -> 0 | H61: 0 | I61: 0 | J61: =H61+I61 -> 0 | K61: 0 | L61: 0 | M61: =K61+L61 -> 0 | N61: 0 | O61: 372 | P61: =N61+O61 -> 372 | Q61: 68 | R61: 42 | S61: =Q61+R61 -> 110 | T61: 1 | U61: 0 | V61: =T61+U61 -> 1 | W61: =J61 -> 0 | X61: =M61 -> 0 | Y61: =P61 -> 372 | Z61: =S61 -> 110 | AA61: =V61 -> 1 | AB61: =IFERROR(AA61/$AA$8,0) -> 2.2929048e-06 | AC61: 0 | AD61: 0 | AE61: 0 | AF61: 0 | AG61: 0 | AJ61: =SUMIF('6월 매출현황(6.26)'!$B:$B,Main!C61,'6월 매출현황(6.26)'!$N:$N) -> 0 | AM61: =AC61+AD61+AE61+AF61+AG61+AJ61 -> 0 | AO61: 0 | AP61: 0 | BC61: 1 | BD61: =AA61*BB61 -> 0 | BE61: =AA61*BC61 -> 1
B62: 홍종인 | C62: 발안타이어 | E62: 10 | F62: 0 | G62: =E62+F62 -> 10 | H62: 0 | I62: 0 | J62: =H62+I62 -> 0 | K62: 0 | L62: 0 | M62: =K62+L62 -> 0 | N62: 0 | O62: 1 | P62: =N62+O62 -> 1 | Q62: 6 | R62: 0 | S62: =Q62+R62 -> 6 | T62: 2 | U62: 0 | V62: =T62+U62 -> 2 | W62: =J62 -> 0 | X62: =M62 -> 0 | Y62: =P62 -> 1 | Z62: =S62 -> 6 | AA62: =V62 -> 2 | AB62: =IFERROR(AA62/$AA$8,0) -> 4.5858097e-06 | AC62: 6 | AD62: 0 | AE62: 0 | AF62: 0 | AG62: 0 | AJ62: =SUMIF('6월 매출현황(6.26)'!$B:$B,Main!C62,'6월 매출현황(6.26)'!$N:$N) -> 0 | AM62: =AC62+AD62+AE62+AF62+AG62+AJ62 -> 6 | AO62: 0 | AP62: 0 | BC62: 1 | BD62: =AA62*BB62 -> 0 | BE62: =AA62*BC62 -> 2
B63: 홍종인 | C63: 신안 팜 테크 | E63: 0 | F63: 0 | G63: =E63+F63 -> 0 | H63: 0 | I63: 108 | J63: =H63+I63 -> 108 | K63: 18 | L63: 59 | M63: =K63+L63 -> 77 | N63: 27 | O63: 44 | P63: =N63+O63 -> 71 | Q63: 58 | R63: 72 | S63: =Q63+R63 -> 130 | T63: 10 | U63: 12 | V63: =T63+U63 -> 22 | W63: =J63 -> 108 | X63: =M63 -> 77 | Y63: =P63 -> 71 | Z63: =S63 -> 130 | AA63: =V63 -> 22 | AB63: =IFERROR(AA63/$AA$8,0) -> 5.0443906e-05 | AC63: 4 | AD63: 0 | AE63: 12 | AF63: 2 | AG63: 0 | AJ63: =SUMIF('6월 매출현황(6.26)'!$B:$B,Main!C63,'6월 매출현황(6.26)'!$N:$N) -> 4 | AM63: =AC63+AD63+AE63+AF63+AG63+AJ63 -> 22 | AO63: 0 | AP63: 0 | BC63: 1 | BD63: =AA63*BB63 -> 0 | BE63: =AA63*BC63 -> 22
B64: 홍종인 | C64: 군포첨단타이어 대야미점 | E64: 0 | F64: 0 | G64: =E64+F64 -> 0 | H64: 0 | I64: 0 | J64: =H64+I64 -> 0 | K64: 0 | L64: 0 | M64: =K64+L64 -> 0 | N64: 0 | O64: 0 | P64: =N64+O64 -> 0 | Q64: 0 | R64: 30 | S64: =Q64+R64 -> 30 | T64: 0 | U64: 0 | V64: =T64+U64 -> 0 | W64: =J64 -> 0 | X64: =M64 -> 0 | Y64: =P64 -> 0 | Z64: =S64 -> 30 | AA64: =V64 -> 0 | AB64: =IFERROR(AA64/$AA$8,0) -> 0 | AC64: 0 | AD64: 0 | AE64: 0 | AF64: 0 | AG64: 0 | AJ64: =SUMIF('6월 매출현황(6.26)'!$B:$B,Main!C64,'6월 매출현황(6.26)'!$N:$N) -> 0 | AM64: =AC64+AD64+AE64+AF64+AG64+AJ64 -> 0 | AO64: 0 | AP64: 0 | BC64: 1 | BD64: =AA64*BB64 -> 0 | BE64: =AA64*BC64 -> 0
B65: 홍종인 | C65: (주)엘에스타이어(구 LS) | E65: 0 | F65: 0 | G65: =E65+F65 -> 0 | H65: 4 | I65: 3 | J65: =H65+I65 -> 7 | K65: 4 | L65: 0 | M65: =K65+L65 -> 4 | N65: 3 | O65: 2 | P65: =N65+O65 -> 5 | Q65: 4 | R65: 10 | S65: =Q65+R65 -> 14 | T65: 0 | U65: 0 | V65: =T65+U65 -> 0 | W65: =J65 -> 7 | X65: =M65 -> 4 | Y65: =P65 -> 5 | Z65: =S65 -> 14 | AA65: =V65 -> 0 | AB65: =IFERROR(AA65/$AA$8,0) -> 0 | AC65: 0 | AD65: 0 | AE65: 0 | AF65: 0 | AG65: 0 | AJ65: =SUMIF('6월 매출현황(6.26)'!$B:$B,Main!C65,'6월 매출현황(6.26)'!$N:$N) -> 10 | AM65: =AC65+AD65+AE65+AF65+AG65+AJ65 -> 10 | AO65: 0 | AP65: 0 | BC65: 1 | BD65: =AA65*BB65 -> 0 | BE65: =AA65*BC65 -> 0
B66: 홍종인 | C66: 엠디 모터스 | E66: 0 | F66: 0 | G66: =E66+F66 -> 0 | H66: 0 | I66: 42 | J66: =H66+I66 -> 42 | K66: 32 | L66: 53 | M66: =K66+L66 -> 85 | N66: 11 | O66: 0 | P66: =N66+O66 -> 11 | Q66: 0 | R66: 2 | S66: =Q66+R66 -> 2 | T66: 0 | U66: 0 | V66: =T66+U66 -> 0 | W66: =J66 -> 42 | X66: =M66 -> 85 | Y66: =P66 -> 11 | Z66: =S66 -> 2 | AA66: =V66 -> 0 | AB66: =IFERROR(AA66/$AA$8,0) -> 0 | AC66: 0 | AD66: 0 | AE66: 0 | AF66: 0 | AG66: 0 | AJ66: =SUMIF('6월 매출현황(6.26)'!$B:$B,Main!C66,'6월 매출현황(6.26)'!$N:$N) -> 0 | AM66: =AC66+AD66+AE66+AF66+AG66+AJ66 -> 0 | AO66: 0 | AP66: 0 | BC66: 1 | BD66: =AA66*BB66 -> 0 | BE66: =AA66*BC66 -> 0
B67: 홍종인 | C67: 타이어프로 평촌점(앰씨오토) | E67: 54 | F67: 228 | G67: =E67+F67 -> 282 | H67: 246 | I67: 113 | J67: =H67+I67 -> 359 | K67: 0 | L67: 36 | M67: =K67+L67 -> 36 | N67: 25 | O67: 64 | P67: =N67+O67 -> 89 | Q67: 24 | R67: 33 | S67: =Q67+R67 -> 57 | T67: 10 | U67: 0 | V67: =T67+U67 -> 10 | W67: =J67 -> 359 | X67: =M67 -> 36 | Y67: =P67 -> 89 | Z67: =S67 -> 57 | AA67: =V67 -> 10 | AB67: =IFERROR(AA67/$AA$8,0) -> 2.2929048e-05 | AC67: 0 | AD67: 0 | AE67: 0 | AF67: 0 | AG67: 0 | AJ67: =SUMIF('6월 매출현황(6.26)'!$B:$B,Main!C67,'6월 매출현황(6.26)'!$N:$N) -> 0 | AM67: =AC67+AD67+AE67+AF67+AG67+AJ67 -> 0 | AO67: 0 | AP67: 0 | BC67: 1 | BD67: =AA67*BB67 -> 0 | BE67: =AA67*BC67 -> 10
B68: 홍종인 | C68: 유로타이어(타이어프로 화성점) | E68: 0 | F68: 0 | G68: =E68+F68 -> 0 | H68: 0 | I68: 0 | J68: =H68+I68 -> 0 | K68: 0 | L68: 0 | M68: =K68+L68 -> 0 | N68: 0 | O68: 0 | P68: =N68+O68 -> 0 | Q68: 0 | R68: 50 | S68: =Q68+R68 -> 50 | T68: 0 | U68: 0 | V68: =T68+U68 -> 0 | W68: =J68 -> 0 | X68: =M68 -> 0 | Y68: =P68 -> 0 | Z68: =S68 -> 50 | AA68: =V68 -> 0 | AB68: =IFERROR(AA68/$AA$8,0) -> 0 | AC68: 0 | AD68: 0 | AE68: 0 | AF68: 0 | AG68: 0 | AJ68: =SUMIF('6월 매출현황(6.26)'!$B:$B,Main!C68,'6월 매출현황(6.26)'!$N:$N) -> 0 | AM68: =AC68+AD68+AE68+AF68+AG68+AJ68 -> 0 | AO68: 0 | AP68: 0 | BC68: 1 | BD68: =AA68*BB68 -> 0 | BE68: =AA68*BC68 -> 0
B69: 홍종인 | C69: 주식회사 청북종합타이어 | E69: 0 | F69: 0 | G69: =E69+F69 -> 0 | H69: 0 | I69: 0 | J69: =H69+I69 -> 0 | K69: 0 | L69: 0 | M69: =K69+L69 -> 0 | N69: 0 | O69: 0 | P69: =N69+O69 -> 0 | Q69: 0 | R69: 0 | S69: =Q69+R69 -> 0 | T69: 12 | U69: 28 | V69: =T69+U69 -> 40 | W69: =J69 -> 0 | X69: =M69 -> 0 | Y69: =P69 -> 0 | Z69: =S69 -> 0 | AA69: =V69 -> 40 | AB69: =IFERROR(AA69/$AA$8,0) -> 9.1716193e-05 | AC69: 0 | AD69: 0 | AE69: 0 | AF69: 0 | AG69: 0 | AJ69: =SUMIF('6월 매출현황(6.26)'!$B:$B,Main!C69,'6월 매출현황(6.26)'!$N:$N) -> 0 | AM69: =AC69+AD69+AE69+AF69+AG69+AJ69 -> 0 | AO69: 0 | AP69: 0 | BC69: 1 | BD69: =AA69*BB69 -> 0 | BE69: =AA69*BC69 -> 40
B70: 홍종인 | C70: 월드타이어 | E70: 0 | F70: 0 | G70: =E70+F70 -> 0 | H70: 0 | I70: 0 | J70: =H70+I70 -> 0 | K70: 0 | L70: 0 | M70: =K70+L70 -> 0 | N70: 0 | O70: 0 | P70: =N70+O70 -> 0 | Q70: 0 | R70: 0 | S70: =Q70+R70 -> 0 | T70: 0 | U70: 6 | V70: =T70+U70 -> 6 | W70: =J70 -> 0 | X70: =M70 -> 0 | Y70: =P70 -> 0 | Z70: =S70 -> 0 | AA70: =V70 -> 6 | AB70: =IFERROR(AA70/$AA$8,0) -> 1.3757429e-05 | AC70: 0 | AD70: 0 | AE70: 0 | AF70: 0 | AG70: 0 | AJ70: =SUMIF('6월 매출현황(6.26)'!$B:$B,Main!C70,'6월 매출현황(6.26)'!$N:$N) -> 0 | AM70: =AC70+AD70+AE70+AF70+AG70+AJ70 -> 0 | AO70: 0 | AP70: 0 | BC70: 1 | BD70: =AA70*BB70 -> 0 | BE70: =AA70*BC70 -> 6
B71: 홍종인 | C71: (주)현진테크 Bandag Tire | E71: 0 | F71: 0 | G71: =E71+F71 -> 0 | H71: 4 | I71: 0 | J71: =H71+I71 -> 4 | K71: 0 | L71: 0 | M71: =K71+L71 -> 0 | N71: 2 | O71: 16 | P71: =N71+O71 -> 18 | Q71: 0 | R71: 0 | S71: =Q71+R71 -> 0 | T71: 4 | U71: 0 | V71: =T71+U71 -> 4 | W71: =J71 -> 4 | X71: =M71 -> 0 | Y71: =P71 -> 18 | Z71: =S71 -> 0 | AA71: =V71 -> 4 | AB71: =IFERROR(AA71/$AA$8,0) -> 9.1716193e-06 | AC71: 0 | AD71: 0 | AE71: 0 | AF71: 0 | AG71: 0 | AJ71: =SUMIF('6월 매출현황(6.26)'!$B:$B,Main!C71,'6월 매출현황(6.26)'!$N:$N) -> 0 | AM71: =AC71+AD71+AE71+AF71+AG71+AJ71 -> 0 | AO71: 0 | AP71: 0 | BC71: 1 | BD71: =AA71*BB71 -> 0 | BE71: =AA71*BC71 -> 4
B72: 홍종인 | C72: 성호타이어(사용안함) | E72: 20 | F72: 39 | G72: =E72+F72 -> 59 | H72: 0 | I72: 8 | J72: =H72+I72 -> 8 | K72: 8 | L72: 4 | M72: =K72+L72 -> 12 | N72: 0 | O72: 0 | P72: =N72+O72 -> 0 | Q72: 8 | R72: 0 | S72: =Q72+R72 -> 8 | T72: 4 | U72: 0 | V72: =T72+U72 -> 4 | W72: =J72 -> 8 | X72: =M72 -> 12 | Y72: =P72 -> 0 | Z72: =S72 -> 8 | AA72: =V72 -> 4 | AB72: =IFERROR(AA72/$AA$8,0) -> 9.1716193e-06 | AC72: 0 | AD72: 0 | AE72: 0 | AF72: 0 | AG72: 0 | AJ72: =SUMIF('6월 매출현황(6.26)'!$B:$B,Main!C72,'6월 매출현황(6.26)'!$N:$N) -> 0 | AM72: =AC72+AD72+AE72+AF72+AG72+AJ72 -> 0 | AO72: 0 | AP72: 0 | BC72: 1 | BD72: =AA72*BB72 -> 0 | BE72: =AA72*BC72 -> 4
B73: 홍종인 | C73: 홍종인 Total | D73: 0.092322055 | E73: =SUM(E44:E72) -> 10580 | F73: =SUM(F44:F72) -> 33566 | G73: =E73+F73 -> 44146 | H73: =SUM(H44:H72) -> 13025 | I73: =SUM(I44:I72) -> 23175 | J73: =H73+I73 -> 36200 | K73: =SUM(K44:K72) -> 10362 | L73: =SUM(L44:L72) -> 13970 | M73: =K73+L73 -> 24332 | N73: =SUM(N44:N72) -> 7086 | O73: =SUM(O44:O72) -> 11508 | P73: =N73+O73 -> 18594 | Q73: =SUM(Q44:Q72) -> 9151 | R73: =SUM(R44:R72) -> 19104 | S73: =Q73+R73 -> 28255 | T73: =SUM(T44:T72) -> 14198 | U73: =SUM(U44:U72) -> 26767 | V73: =SUM(V44:V72) -> 40965 | W73: =SUM(W44:W72) -> 36200 | X73: =SUM(X44:X72) -> 24332 | Y73: =SUM(Y44:Y72) -> 18594 | Z73: =SUM(Z44:Z72) -> 28255 | AA73: =SUM(AA44:AA72) -> 40965 | AB73: =IFERROR(AA73/$AA$8,0) -> 0.093928847 | AC73: =SUM(AC44:AC72) -> 1812 | AD73: =SUM(AD44:AD72) -> 2961 | AE73: =SUM(AE44:AE72) -> 2859 | AF73: =SUM(AF44:AF72) -> 2874 | AG73: =SUM(AG44:AG72) -> 4123 | AH73: =$D73*$AR$3 -> 3888.5126 | AI73: =SUM(AI44:AI72) -> 3880 | AJ73: =SUM(AJ44:AJ72) -> 4695 | AK73: =SUM(AK44:AK72) -> 308 | AM73: =SUM(AM44:AM72) -> 19324 | AN73: =AM73-(D73*$AJ$2) -> 2477.0714 | AO73: =SUM(AO44:AO72) -> 11156.549 | AP73: =SUM(AP44:AP72) -> 1.2847449e+09 | BD73: =SUM(BD44:BD72) -> 4836.2 | BE73: =SUM(BE44:BE72) -> 36128.8
B74: 한종일 | C74: 린앤업 타이어세일즈 | E74: 0 | F74: 0 | G74: =E74+F74 -> 0 | H74: 2963 | I74: 9766 | J74: =H74+I74 -> 12729 | K74: 8304 | L74: 10012 | M74: =K74+L74 -> 18316 | N74: 4449 | O74: 11965 | P74: =N74+O74 -> 16414 | Q74: 6890 | R74: 12325 | S74: =Q74+R74 -> 19215 | T74: 9103 | U74: 14800 | V74: =T74+U74 -> 23903 | W74: =J74 -> 12729 | X74: =M74 -> 18316 | Y74: =P74 -> 16414 | Z74: =S74 -> 19215 | AA74: =V74 -> 23903 | AB74: =IFERROR(AA74/$AA$8,0) -> 0.054807304 | AC74: 341 | AD74: 1111 | AE74: 1236 | AF74: 1491 | AG74: 514 | AI74: 2200 | AJ74: =SUMIF('6월 매출현황(6.26)'!$B:$B,Main!C74,'6월 매출현황(6.26)'!$N:$N) -> 1129 | AK74: 1000 | AL74: 리베이트 타겟 예정 (실제 셀아웃 작년대비 10~20% 빠짐) | AM74: =AC74+AD74+AE74+AF74+AG74+AJ74 -> 5822 | AO74: 6802.8303 | AP74: 7.7893419e+08 | BB74: 0.9 | BC74: 0.1 | BD74: =AA74*BB74 -> 21512.7 | BE74: =AA74*BC74 -> 2390.3
B75: 한종일 | C75: 타이어메타 | E75: 0 | F75: 0 | G75: =E75+F75 -> 0 | H75: 0 | I75: 0 | J75: =H75+I75 -> 0 | K75: 0 | L75: 0 | M75: =K75+L75 -> 0 | N75: 0 | O75: 0 | P75: =N75+O75 -> 0 | Q75: 0 | R75: 0 | S75: =Q75+R75 -> 0 | T75: 2083 | U75: 13082 | V75: =T75+U75 -> 15165 | W75: =J75 -> 0 | X75: =M75 -> 0 | Y75: =P75 -> 0 | Z75: =S75 -> 0 | AA75: =V75 -> 15165 | AB75: =IFERROR(AA75/$AA$8,0) -> 0.034771902 | AC75: 1416 | AD75: 1836 | AE75: 2120 | AF75: 2221 | AG75: 286 | AI75: 1500 | AJ75: =SUMIF('6월 매출현황(6.26)'!$B:$B,Main!C75,'6월 매출현황(6.26)'!$N:$N) -> 168 | AK75: 1500 | AL75: 실제 셀아웃 100본 정도임, (셀아웃 좋지않음) | AM75: =AC75+AD75+AE75+AF75+AG75+AJ75 -> 8047 | AO75: 2291.3 | AP75: 2.649485e+08 | BB75: 0.9 | BC75: 0.1 | BD75: =AA75*BB75 -> 13648.5 | BE75: =AA75*BC75 -> 1516.5
B76: 한종일 | C76: 주식회사라인트레이딩 | AE76: 1970 | AF76: 1250 | AG76: 1250 | AJ76: =SUMIF('6월 매출현황(6.26)'!$B:$B,Main!C76,'6월 매출현황(6.26)'!$N:$N) -> 376 | AM76: =AC76+AD76+AE76+AF76+AG76+AJ76 -> 4846 | AO76: 0 | AP76: 0 | BD76: =AA76*BB76 -> 0 | BE76: =AA76*BC76 -> 0
B77: 한종일 | C77: 킹콩타이어 | E77: 0 | F77: 0 | G77: =E77+F77 -> 0 | H77: 0 | I77: 0 | J77: =H77+I77 -> 0 | K77: 0 | L77: 516 | M77: =K77+L77 -> 516 | N77: 373 | O77: 242 | P77: =N77+O77 -> 615 | Q77: 29 | R77: 31 | S77: =Q77+R77 -> 60 | T77: 210 | U77: 283 | V77: =T77+U77 -> 493 | W77: =J77 -> 0 | X77: =M77 -> 516 | Y77: =P77 -> 615 | Z77: =S77 -> 60 | AA77: =V77 -> 493 | AB77: =IFERROR(AA77/$AA$8,0) -> 0.0011304021 | AC77: 2 | AD77: 6 | AE77: 0 | AF77: 0 | AG77: 4 | AJ77: =SUMIF('6월 매출현황(6.26)'!$B:$B,Main!C77,'6월 매출현황(6.26)'!$N:$N) -> 0 | AM77: =AC77+AD77+AE77+AF77+AG77+AJ77 -> 12 | AO77: 0 | AP77: 0 | BC77: 1 | BD77: =AA77*BB77 -> 0 | BE77: =AA77*BC77 -> 493
B78: 한종일 | C78: (주)그린통상 | E78: 0 | F78: 2 | G78: =E78+F78 -> 2 | H78: 0 | I78: 2 | J78: =H78+I78 -> 2 | K78: 0 | L78: 477 | M78: =K78+L78 -> 477 | N78: -71 | O78: 44 | P78: =N78+O78 -> -27 | Q78: 92 | R78: 65 | S78: =Q78+R78 -> 157 | T78: 67 | U78: 24 | V78: =T78+U78 -> 91 | W78: =J78 -> 2 | X78: =M78 -> 477 | Y78: =P78 -> -27 | Z78: =S78 -> 157 | AA78: =V78 -> 91 | AB78: =IFERROR(AA78/$AA$8,0) -> 0.00020865434 | AC78: 0 | AD78: 28 | AE78: 0 | AF78: 0 | AG78: 0 | AJ78: =SUMIF('6월 매출현황(6.26)'!$B:$B,Main!C78,'6월 매출현황(6.26)'!$N:$N) -> 0 | AM78: =AC78+AD78+AE78+AF78+AG78+AJ78 -> 28 | AO78: 0 | AP78: 0 | BC78: 1 | BD78: =AA78*BB78 -> 0 | BE78: =AA78*BC78 -> 91
B79: 한종일 | C79: (주)영재 | E79: 0 | F79: 0 | G79: =E79+F79 -> 0 | H79: 0 | I79: 0 | J79: =H79+I79 -> 0 | K79: 0 | L79: 0 | M79: =K79+L79 -> 0 | N79: 0 | O79: 20 | P79: =N79+O79 -> 20 | Q79: 28 | R79: 40 | S79: =Q79+R79 -> 68 | T79: 22 | U79: 44 | V79: =T79+U79 -> 66 | W79: =J79 -> 0 | X79: =M79 -> 0 | Y79: =P79 -> 20 | Z79: =S79 -> 68 | AA79: =V79 -> 66 | AB79: =IFERROR(AA79/$AA$8,0) -> 0.00015133172 | AC79: 0 | AD79: 31 | AE79: 0 | AF79: 8 | AG79: 0 | AJ79: =SUMIF('6월 매출현황(6.26)'!$B:$B,Main!C79,'6월 매출현황(6.26)'!$N:$N) -> 0 | AM79: =AC79+AD79+AE79+AF79+AG79+AJ79 -> 39 | AO79: 0 | AP79: 0 | BC79: 1 | BD79: =AA79*BB79 -> 0 | BE79: =AA79*BC79 -> 66
B80: 한종일 | C80: 세종타이어(구_세종윤활유) | E80: 0 | F80: 0 | G80: =E80+F80 -> 0 | H80: 0 | I80: 0 | J80: =H80+I80 -> 0 | K80: 0 | L80: 0 | M80: =K80+L80 -> 0 | N80: 2 | O80: 6 | P80: =N80+O80 -> 8 | Q80: 2 | R80: 0 | S80: =Q80+R80 -> 2 | T80: 0 | U80: 0 | V80: =T80+U80 -> 0 | W80: =J80 -> 0 | X80: =M80 -> 0 | Y80: =P80 -> 8 | Z80: =S80 -> 2 | AA80: =V80 -> 0 | AB80: =IFERROR(AA80/$AA$8,0) -> 0 | AC80: 0 | AD80: 0 | AE80: 0 | AF80: 0 | AG80: 0 | AJ80: =SUMIF('6월 매출현황(6.26)'!$B:$B,Main!C80,'6월 매출현황(6.26)'!$N:$N) -> 0 | AM80: =AC80+AD80+AE80+AF80+AG80+AJ80 -> 0 | AO80: 0 | AP80: 0 | BC80: 1 | BD80: =AA80*BB80 -> 0 | BE80: =AA80*BC80 -> 0
B81: 한종일 | C81: 고백자동차공업사 | E81: 0 | F81: 0 | G81: =E81+F81 -> 0 | H81: 4 | I81: 0 | J81: =H81+I81 -> 4 | K81: 0 | L81: 2 | M81: =K81+L81 -> 2 | N81: 0 | O81: 4 | P81: =N81+O81 -> 4 | Q81: 0 | R81: 0 | S81: =Q81+R81 -> 0 | T81: 4 | U81: 0 | V81: =T81+U81 -> 4 | W81: =J81 -> 4 | X81: =M81 -> 2 | Y81: =P81 -> 4 | Z81: =S81 -> 0 | AA81: =V81 -> 4 | AB81: =IFERROR(AA81/$AA$8,0) -> 9.1716193e-06 | AC81: 0 | AD81: 0 | AE81: 0 | AF81: 0 | AG81: 0 | AJ81: =SUMIF('6월 매출현황(6.26)'!$B:$B,Main!C81,'6월 매출현황(6.26)'!$N:$N) -> 0 | AM81: =AC81+AD81+AE81+AF81+AG81+AJ81 -> 0 | AO81: 0 | AP81: 0 | BC81: 1 | BD81: =AA81*BB81 -> 0 | BE81: =AA81*BC81 -> 4
B82: 한종일 | C82: 타이어타이머 | AD82: 28 | AE82: 0 | AF82: 0 | AG82: 0 | AJ82: =SUMIF('6월 매출현황(6.26)'!$B:$B,Main!C82,'6월 매출현황(6.26)'!$N:$N) -> 0 | AM82: =AC82+AD82+AE82+AF82+AG82+AJ82 -> 28 | AO82: 0 | AP82: 0 | BD82: =AA82*BB82 -> 0 | BE82: =AA82*BC82 -> 0
B83: 한종일 | C83: 여주타이어벙커 | AF83: 56 | AG83: 11 | AI83: 50 | AJ83: =SUMIF('6월 매출현황(6.26)'!$B:$B,Main!C83,'6월 매출현황(6.26)'!$N:$N) -> 4 | AL83: 재고 부족으로 매출 기회 상실 | AM83: =AC83+AD83+AE83+AF83+AG83+AJ83 -> 71 | BD83: =AA83*BB83 -> 0 | BE83: =AA83*BC83 -> 0
B84: 한종일 | C84: 한종일 Total | D84: 0.089630785 | E84: =SUM(E74:E83) -> 0 | F84: =SUM(F74:F83) -> 2 | G84: =E84+F84 -> 2 | H84: =SUM(H74:H83) -> 2967 | I84: =SUM(I74:I83) -> 9768 | J84: =H84+I84 -> 12735 | K84: =SUM(K74:K83) -> 8304 | L84: =SUM(L74:L83) -> 11007 | M84: =K84+L84 -> 19311 | N84: =SUM(N74:N83) -> 4753 | O84: =SUM(O74:O83) -> 12281 | P84: =N84+O84 -> 17034 | Q84: =SUM(Q74:Q83) -> 7041 | R84: =SUM(R74:R83) -> 12461 | S84: =Q84+R84 -> 19502 | T84: =SUM(T74:T83) -> 11489 | U84: =SUM(U74:U83) -> 28233 | V84: =SUM(V51:V81) -> 84258 | W84: =SUM(W74:W83) -> 12735 | X84: =SUM(X74:X83) -> 19311 | Y84: =SUM(Y74:Y83) -> 17034 | Z84: =SUM(Z74:Z83) -> 19502 | AA84: =SUM(AA74:AA83) -> 39722 | AB84: =IFERROR(AA84/$AA$8,0) -> 0.091078766 | AC84: =SUM(AC74:AC83) -> 1759 | AD84: =SUM(AD74:AD83) -> 3040 | AE84: =SUM(AE74:AE83) -> 5326 | AF84: =SUM(AF74:AF83) -> 5026 | AG84: =SUM(AG74:AG83) -> 2065 | AH84: =$D84*$AR$3 -> 3775.1591 | AI84: =SUM(AI74:AI83) -> 3750 | AJ84: =SUM(AJ74:AJ83) -> 1677 | AK84: =SUM(AK74:AK83) -> 2500 | AM84: =SUM(AM74:AM83) -> 18893 | AN84: =AM84-(D84*$AJ$2) -> 2537.1743 | AO84: =SUM(AO74:AO83) -> 9094.1303 | AP84: =SUM(AP74:AP82) -> 1.0438827e+09 | BD84: =SUM(BD74:BD83) -> 35161.2 | BE84: =SUM(BE74:BE83) -> 4560.8
B85: 임봉빈 | C85: 가인상사 | E85: 6676 | F85: 7181 | G85: =E85+F85 -> 13857 | H85: 6596 | I85: 9020 | J85: =H85+I85 -> 15616 | K85: 6953 | L85: 8634 | M85: =K85+L85 -> 15587 | N85: 4808 | O85: 4536 | P85: =N85+O85 -> 9344 | Q85: 3057 | R85: 3195 | S85: =Q85+R85 -> 6252 | T85: 2347 | U85: 2409 | V85: =T85+U85 -> 4756 | W85: =J85 -> 15616 | X85: =M85 -> 15587 | Y85: =P85 -> 9344 | Z85: =S85 -> 6252 | AA85: =V85 -> 4756 | AB85: =IFERROR(AA85/$AA$8,0) -> 0.010905055 | AC85: -3 | AD85: 269 | AE85: 317 | AF85: 504 | AG85: 378 | AI85: 390 | AJ85: =SUMIF('6월 매출현황(6.26)'!$B:$B,Main!C85,'6월 매출현황(6.26)'!$N:$N) -> 487 | AL85: 가인 각 지점 소매 전년대비 20% 이상 감소, 도매 역시 크게 감소 | AM85: =AC85+AD85+AE85+AF85+AG85+AJ85 -> 1952 | AO85: 2581.7 | AP85: 4.4075954e+08 | BB85: 0.9 | BC85: 0.1 | BD85: =AA85*BB85 -> 4280.4 | BE85: =AA85*BC85 -> 475.6
B86: 임봉빈 | C86: 세이프티 팩토리(SAFETY FACTORY) | E86: 300 | F86: 300 | G86: =E86+F86 -> 600 | H86: 203 | I86: 425 | J86: =H86+I86 -> 628 | K86: 517 | L86: 526 | M86: =K86+L86 -> 1043 | N86: 411 | O86: 720 | P86: =N86+O86 -> 1131 | Q86: 488 | R86: 857 | S86: =Q86+R86 -> 1345 | T86: 776 | U86: 1003 | V86: =T86+U86 -> 1779 | W86: =J86 -> 628 | X86: =M86 -> 1043 | Y86: =P86 -> 1131 | Z86: =S86 -> 1345 | AA86: =V86 -> 1779 | AB86: =IFERROR(AA86/$AA$8,0) -> 0.0040790777 | AC86: 74 | AD86: 66 | AE86: 102 | AF86: 110 | AG86: 118 | AI86: 150 | AJ86: =SUMIF('6월 매출현황(6.26)'!$B:$B,Main!C86,'6월 매출현황(6.26)'!$N:$N) -> 94 | AK86: 56 | AL86: 일평균 3.5대 입차, 4,5월 대비 약소하게나마 반등 | AM86: =AC86+AD86+AE86+AF86+AG86+AJ86 -> 564 | AO86: 0 | AP86: 0 | BB86: 0.1 | BC86: 0.9 | BD86: =AA86*BB86 -> 177.9 | BE86: =AA86*BC86 -> 1601.1
B87: 임봉빈 | C87: (주)봉구통상 | E87: 1803 | F87: 2127 | G87: =E87+F87 -> 3930 | H87: 2531 | I87: 3033 | J87: =H87+I87 -> 5564 | K87: 2401 | L87: 2651 | M87: =K87+L87 -> 5052 | N87: 1210 | O87: 1297 | P87: =N87+O87 -> 2507 | Q87: 1587 | R87: 1304 | S87: =Q87+R87 -> 2891 | T87: 1750 | U87: 1684 | V87: =T87+U87 -> 3434 | W87: =J87 -> 5564 | X87: =M87 -> 5052 | Y87: =P87 -> 2507 | Z87: =S87 -> 2891 | AA87: =V87 -> 3434 | AB87: =IFERROR(AA87/$AA$8,0) -> 0.0078738352 | AC87: 256 | AD87: 306 | AE87: 512 | AF87: 340 | AG87: 171 | AI87: 340 | AJ87: =SUMIF('6월 매출현황(6.26)'!$B:$B,Main!C87,'6월 매출현황(6.26)'!$N:$N) -> 183 | AK87: 18 | AL87: 일산, 파주 셀아웃 급감, 마포 셀아웃 감소, 천우모터스 매입 감소로 BS 매입 감소 | AM87: =AC87+AD87+AE87+AF87+AG87+AJ87 -> 1768 | AO87: 1925 | AP87: 3.771356e+08 | BB87: 0.8 | BC87: 0.2 | BD87: =AA87*BB87 -> 2747.2 | BE87: =AA87*BC87 -> 686.8
B88: 임봉빈 | C88: 홍타이어 | E88: 0 | F88: 170 | G88: =E88+F88 -> 170 | H88: 304 | I88: 441 | J88: =H88+I88 -> 745 | K88: 158 | L88: 494 | M88: =K88+L88 -> 652 | N88: 174 | O88: 409 | P88: =N88+O88 -> 583 | Q88: 121 | R88: 473 | S88: =Q88+R88 -> 594 | T88: 211 | U88: 522 | V88: =T88+U88 -> 733 | W88: =J88 -> 745 | X88: =M88 -> 652 | Y88: =P88 -> 583 | Z88: =S88 -> 594 | AA88: =V88 -> 733 | AB88: =IFERROR(AA88/$AA$8,0) -> 0.0016806992 | AC88: 52 | AD88: 46 | AE88: 58 | AF88: 22 | AG88: 52 | AI88: 50 | AJ88: =SUMIF('6월 매출현황(6.26)'!$B:$B,Main!C88,'6월 매출현황(6.26)'!$N:$N) -> 0 | AK88: 20 | AL88: 일평균 1.5대 입차, 셀아웃 저조로 재고 과다 | AM88: =AC88+AD88+AE88+AF88+AG88+AJ88 -> 230 | AO88: 0 | AP88: 0 | BC88: 1 | BD88: =AA88*BB88 -> 0 | BE88: =AA88*BC88 -> 733
B89: 임봉빈 | C89: 티스테이션 운정점 | E89: 0 | F89: 0 | G89: =E89+F89 -> 0 | H89: 0 | I89: 0 | J89: =H89+I89 -> 0 | K89: 0 | L89: 0 | M89: =K89+L89 -> 0 | N89: 0 | O89: 0 | P89: =N89+O89 -> 0 | S89: =Q89+R89 -> 0 | T89: 0 | U89: 20 | V89: =T89+U89 -> 20 | W89: =J89 -> 0 | X89: =M89 -> 0 | Y89: =P89 -> 0 | Z89: =S89 -> 0 | AA89: =V89 -> 20 | AB89: =IFERROR(AA89/$AA$8,0) -> 4.5858097e-05 | AC89: 26 | AD89: 24 | AE89: 0 | AF89: 20 | AG89: 8 | AI89: 20 | AJ89: =SUMIF('6월 매출현황(6.26)'!$B:$B,Main!C89,'6월 매출현황(6.26)'!$N:$N) -> 0 | AL89: 일평균 1대 입차, 재고 안빠져 주문 어려움 | AM89: =AC89+AD89+AE89+AF89+AG89+AJ89 -> 78 | AO89: 0 | AP89: 0 | BC89: 1 | BD89: =AA89*BB89 -> 0 | BE89: =AA89*BC89 -> 20
B90: 임봉빈 | C90: 더쎈휠타이어 | U90: 71 | V90: =T90+U90 -> 71 | AA90: =V90 -> 71 | AC90: 35 | AD90: 44 | AE90: 0 | AF90: 18 | AG90: 23 | AI90: 20 | AJ90: =SUMIF('6월 매출현황(6.26)'!$B:$B,Main!C90,'6월 매출현황(6.26)'!$N:$N) -> 8 | AK90: 12 | AL90: 전년동월대비 30% 이상 감소, 최근 국산 저가 타이어만 찾아 BS 감소 | AM90: =AC90+AD90+AE90+AF90+AG90+AJ90 -> 128 | AO90: 0 | AP90: 0 | BC90: 1 | BD90: =AA90*BB90 -> 0 | BE90: =AA90*BC90 -> 71
B91: 임봉빈 | C91: 주식회사 충청특판(타이어프로봉명점_가나다) | E91: 0 | F91: 0 | G91: =E91+F91 -> 0 | H91: 0 | I91: 0 | J91: =H91+I91 -> 0 | K91: 0 | L91: 0 | M91: =K91+L91 -> 0 | N91: 0 | O91: 0 | P91: =N91+O91 -> 0 | Q91: 202 | R91: 250 | S91: =Q91+R91 -> 452 | T91: 188 | U91: 676 | V91: =T91+U91 -> 864 | W91: =J91 -> 0 | X91: =M91 -> 0 | Y91: =P91 -> 0 | Z91: =S91 -> 452 | AA91: =V91 -> 864 | AB91: =IFERROR(AA91/$AA$8,0) -> 0.0019810698 | AC91: 50 | AD91: 44 | AE91: 24 | AF91: 0 | AG91: 24 | AI91: 50 | AJ91: =SUMIF('6월 매출현황(6.26)'!$B:$B,Main!C91,'6월 매출현황(6.26)'!$N:$N) -> 20 | AL91: 셀아웃 감소, KH 수량 빼는게 우선, FS 재고 나가지 않아 주문X | AM91: =AC91+AD91+AE91+AF91+AG91+AJ91 -> 162 | AO91: 0 | AP91: 0 | BC91: 1 | BD91: =AA91*BB91 -> 0 | BE91: =AA91*BC91 -> 864
B92: 임봉빈 | C92: 주식회사 청주열린타이어 | E92: 326 | F92: 288 | G92: =E92+F92 -> 614 | H92: 501 | I92: 585 | J92: =H92+I92 -> 1086 | K92: 195 | L92: 660 | M92: =K92+L92 -> 855 | N92: 155 | O92: 93 | P92: =N92+O92 -> 248 | Q92: 61 | R92: 162 | S92: =Q92+R92 -> 223 | T92: 50 | U92: 196 | V92: =T92+U92 -> 246 | W92: =J92 -> 1086 | X92: =M92 -> 855 | Y92: =P92 -> 248 | Z92: =S92 -> 223 | AA92: =V92 -> 246 | AB92: =IFERROR(AA92/$AA$8,0) -> 0.00056405459 | AC92: 30 | AD92: 0 | AE92: 50 | AF92: 0 | AG92: 0 | AI92: 20 | AJ92: =SUMIF('6월 매출현황(6.26)'!$B:$B,Main!C92,'6월 매출현황(6.26)'!$N:$N) -> 80 | AL92: 셀아웃 감소, 고객이 저렴한 HK만 요구, 수입타이어 수요 X | AM92: =AC92+AD92+AE92+AF92+AG92+AJ92 -> 160 | AO92: 0 | AP92: 0 | BC92: 1 | BD92: =AA92*BB92 -> 0 | BE92: =AA92*BC92 -> 246
B93: 임봉빈 | C93: 모던타이어(08년12월부터) | E93: 49 | F93: 74 | G93: =E93+F93 -> 123 | H93: 62 | I93: 154 | J93: =H93+I93 -> 216 | K93: 121 | L93: 152 | M93: =K93+L93 -> 273 | N93: 44 | O93: 0 | P93: =N93+O93 -> 44 | Q93: 0 | R93: 0 | S93: =Q93+R93 -> 0 | T93: 38 | U93: 126 | V93: =T93+U93 -> 164 | W93: =J93 -> 216 | X93: =M93 -> 273 | Y93: =P93 -> 44 | Z93: =S93 -> 0 | AA93: =V93 -> 164 | AB93: =IFERROR(AA93/$AA$8,0) -> 0.00037603639 | AC93: 0 | AD93: 24 | AE93: 0 | AF93: 0 | AG93: 32 | AI93: 20 | AJ93: =SUMIF('6월 매출현황(6.26)'!$B:$B,Main!C93,'6월 매출현황(6.26)'!$N:$N) -> 30 | AL93: 일평균 1.5대 입차, 현금흐름 고려 시 추가 주문 불가 | AM93: =AC93+AD93+AE93+AF93+AG93+AJ93 -> 86 | AO93: 0 | AP93: 0 | BC93: 1 | BD93: =AA93*BB93 -> 0 | BE93: =AA93*BC93 -> 164
B94: 임봉빈 | C94: 김정훈 타이어 (구. 메인터넌스 개러지) | E94: 0 | F94: 0 | G94: =E94+F94 -> 0 | H94: 0 | I94: 0 | J94: =H94+I94 -> 0 | K94: 0 | L94: 180 | M94: =K94+L94 -> 180 | N94: 251 | O94: 8 | P94: =N94+O94 -> 259 | Q94: 0 | R94: 56 | S94: =Q94+R94 -> 56 | T94: 26 | U94: 8 | V94: =T94+U94 -> 34 | W94: =J94 -> 0 | X94: =M94 -> 180 | Y94: =P94 -> 259 | Z94: =S94 -> 56 | AA94: =V94 -> 34 | AB94: =IFERROR(AA94/$AA$8,0) -> 7.7958764e-05 | AC94: 0 | AD94: 0 | AE94: 0 | AF94: 0 | AG94: 0 | AJ94: =SUMIF('6월 매출현황(6.26)'!$B:$B,Main!C94,'6월 매출현황(6.26)'!$N:$N) -> 0 | AM94: =AC94+AD94+AE94+AF94+AG94+AJ94 -> 0 | AO94: 0 | AP94: 0 | BC94: 1 | BD94: =AA94*BB94 -> 0 | BE94: =AA94*BC94 -> 34
B95: 임봉빈 | C95: 충북판매서비스 | E95: 54 | F95: 301 | G95: =E95+F95 -> 355 | H95: 0 | I95: 26 | J95: =H95+I95 -> 26 | K95: 0 | L95: 0 | M95: =K95+L95 -> 0 | N95: 0 | O95: 0 | P95: =N95+O95 -> 0 | S95: =Q95+R95 -> 0 | T95: 0 | U95: 10 | V95: =T95+U95 -> 10 | W95: =J95 -> 26 | X95: =M95 -> 0 | Y95: =P95 -> 0 | Z95: =S95 -> 0 | AA95: =V95 -> 10 | AB95: =IFERROR(AA95/$AA$8,0) -> 2.2929048e-05 | AC95: 10 | AD95: 0 | AE95: 14 | AF95: 0 | AG95: 0 | AJ95: =SUMIF('6월 매출현황(6.26)'!$B:$B,Main!C95,'6월 매출현황(6.26)'!$N:$N) -> 0 | AM95: =AC95+AD95+AE95+AF95+AG95+AJ95 -> 24 | AO95: 0 | AP95: 0 | BC95: 1 | BD95: =AA95*BB95 -> 0 | BE95: =AA95*BC95 -> 10
B96: 임봉빈 | C96: 주식회사태영자동차공업(구_태영타이어) | E96: 0 | F96: 0 | G96: =E96+F96 -> 0 | H96: 0 | I96: 14 | J96: =H96+I96 -> 14 | K96: 10 | L96: 12 | M96: =K96+L96 -> 22 | N96: 14 | O96: 2 | P96: =N96+O96 -> 16 | Q96: 0 | R96: 12 | S96: =Q96+R96 -> 12 | T96: 2 | U96: 12 | V96: =T96+U96 -> 14 | W96: =J96 -> 14 | X96: =M96 -> 22 | Y96: =P96 -> 16 | Z96: =S96 -> 12 | AA96: =V96 -> 14 | AB96: =IFERROR(AA96/$AA$8,0) -> 3.2100668e-05 | AC96: 0 | AD96: 2 | AE96: 4 | AF96: 4 | AG96: 0 | AJ96: =SUMIF('6월 매출현황(6.26)'!$B:$B,Main!C96,'6월 매출현황(6.26)'!$N:$N) -> 0 | AM96: =AC96+AD96+AE96+AF96+AG96+AJ96 -> 10 | AO96: 0 | AP96: 0 | BC96: 1 | BD96: =AA96*BB96 -> 0 | BE96: =AA96*BC96 -> 14
B97: 임봉빈 | C97: 장항타이어 | E97: 0 | F97: 0 | G97: =E97+F97 -> 0 | H97: 0 | I97: 0 | J97: =H97+I97 -> 0 | K97: 0 | L97: 0 | M97: =K97+L97 -> 0 | N97: 0 | O97: 0 | P97: =N97+O97 -> 0 | Q97: 0 | R97: 0 | S97: =Q97+R97 -> 0 | T97: 0 | U97: 29 | V97: =T97+U97 -> 29 | W97: =J97 -> 0 | X97: =M97 -> 0 | Y97: =P97 -> 0 | Z97: =S97 -> 0 | AA97: =V97 -> 29 | AB97: =IFERROR(AA97/$AA$8,0) -> 6.649424e-05 | AC97: 0 | AD97: 0 | AE97: 0 | AF97: 0 | AG97: 0 | AJ97: =SUMIF('6월 매출현황(6.26)'!$B:$B,Main!C97,'6월 매출현황(6.26)'!$N:$N) -> 0 | AM97: =AC97+AD97+AE97+AF97+AG97+AJ97 -> 0 | AO97: 0 | AP97: 0 | BC97: 1 | BD97: =AA97*BB97 -> 0 | BE97: =AA97*BC97 -> 29
B98: 임봉빈 | C98: 타이어테크교하점 | E98: 0 | F98: 0 | G98: =E98+F98 -> 0 | H98: 0 | I98: 0 | J98: =H98+I98 -> 0 | K98: 0 | L98: 0 | M98: =K98+L98 -> 0 | N98: 0 | O98: 0 | P98: =N98+O98 -> 0 | S98: =Q98+R98 -> 0 | T98: 0 | U98: 42 | V98: =T98+U98 -> 42 | W98: =J98 -> 0 | X98: =M98 -> 0 | Y98: =P98 -> 0 | Z98: =S98 -> 0 | AA98: =V98 -> 42 | AB98: =IFERROR(AA98/$AA$8,0) -> 9.6302003e-05 | AC98: 0 | AD98: 0 | AE98: 0 | AF98: 0 | AG98: 0 | AJ98: =SUMIF('6월 매출현황(6.26)'!$B:$B,Main!C98,'6월 매출현황(6.26)'!$N:$N) -> 0 | AM98: =AC98+AD98+AE98+AF98+AG98+AJ98 -> 0 | AO98: 0 | AP98: 0 | BC98: 1 | BD98: =AA98*BB98 -> 0 | BE98: =AA98*BC98 -> 42
B99: 임봉빈 | C99: 타이어스토어식사점 | U99: 38 | V99: =T99+U99 -> 38 | AC99: 8 | AD99: 22 | AE99: 29 | AF99: 0 | AG99: 16 | AI99: 20 | AJ99: =SUMIF('6월 매출현황(6.26)'!$B:$B,Main!C99,'6월 매출현황(6.26)'!$N:$N) -> 16 | AL99: 일평균 3대 입차, 고객 대부분 국산 선호 | AM99: =AC99+AD99+AE99+AF99+AG99+AJ99 -> 91 | AO99: 0 | AP99: 0 | BC99: 1 | BD99: =AA99*BB99 -> 0 | BE99: =AA99*BC99 -> 0
B100: 임봉빈 | C100: 타이어 코스코 | E100: 0 | F100: 0 | G100: =E100+F100 -> 0 | H100: 0 | I100: 0 | J100: =H100+I100 -> 0 | K100: 0 | L100: 0 | M100: =K100+L100 -> 0 | N100: 0 | O100: 0 | P100: =N100+O100 -> 0 | S100: =Q100+R100 -> 0 | T100: 0 | U100: 220 | V100: =T100+U100 -> 220 | W100: =J100 -> 0 | X100: =M100 -> 0 | Y100: =P100 -> 0 | Z100: =S100 -> 0 | AA100: =V100 -> 220 | AB100: =IFERROR(AA100/$AA$8,0) -> 0.00050443906 | AC100: 34 | AD100: 88 | AE100: 20 | AF100: 0 | AG100: 0 | AJ100: =SUMIF('6월 매출현황(6.26)'!$B:$B,Main!C100,'6월 매출현황(6.26)'!$N:$N) -> 0 | AM100: =AC100+AD100+AE100+AF100+AG100+AJ100 -> 142 | AO100: 0 | AP100: 0 | BC100: 1 | BD100: =AA100*BB100 -> 0 | BE100: =AA100*BC100 -> 220
...

Sheet Sheet4

Sheet Y26 3+9(5.6)
B2: Y26 3+9 Masterfile
B4: Q'ty | E4: FCST | Q4: Total | X4: Y27 Total | Y4: Y28 Total
E5: Jan | F5: Feb | G5: Mar | H5: Apr | I5: May | J5: Jun | K5: Jul | L5: Aug | M5: Sep | N5: Oct | O5: Nov | P5: Dec
B6: PSR | C6: REP | E6: ='[52](PSR) 3+9'!I3 -> 18205 | F6: ='[52](PSR) 3+9'!N3 -> 25326 | G6: ='[52](PSR) 3+9'!S3 -> 30594 | H6: 31580 | I6: 34656 | J6: 42119 | K6: ='[52](PSR) 3+9'!AM3 -> 41678 | L6: ='[52](PSR) 3+9'!AR3 -> 50165 | M6: ='[52](PSR) 3+9'!AW3 -> 48461 | N6: ='[52](PSR) 3+9'!BB3 -> 51017 | O6: ='[52](PSR) 3+9'!BG3 -> 48287 | P6: ='[52](PSR) 3+9'!BL3 -> 52147 | Q6: =SUM(E6:P6) -> 474235 | X6: ='[52](PSR) 3+9'!BU3 -> 481949 | Y6: ='[52](PSR) 3+9'!BZ3 -> 506046 | Z6: 473893.48 | AA6: =Z6-Q6 -> -341.51798 | AC6: =SUM(K6:P6) -> 291755
C7: OE | Q7: =SUM(E7:P7) -> 0
C8: PSR(G) TTL | E8: =+E7+E6 -> 18205 | F8: =+F7+F6 -> 25326 | G8: =+G7+G6 -> 30594 | H8: =+H7+H6 -> 31580 | I8: =+I7+I6 -> 34656 | J8: =+J7+J6 -> 42119 | K8: =+K7+K6 -> 41678 | L8: =+L7+L6 -> 50165 | ... P8: =+P7+P6 -> 52147 | Q8: =Q6+Q7 -> 474235 | R8: =+R6+R7 -> 0 | S8: =+S6+S7 -> 0 | T8: =+T6+T7 -> 0 | U8: =+U6+U7 -> 0 | V8: =+V6+V7 -> 0 | W8: =+W6+W7 -> 0 | X8: =+X6+X7 -> 481949 | Y8: =+Y6+Y7 -> 506046
B9: TBR | C9: REP | E9: ='[52](TBR) 3+9'!I3 -> 5233 | F9: ='[52](TBR) 3+9'!N3 -> 9850 | G9: ='[52](TBR) 3+9'!S3 -> 20655 | H9: 15997 | I9: ='[52](TBR) 3+9'!AC3 -> 17800 | J9: 29532 | K9: 18510 | L9: ='[52](TBR) 3+9'!AR3 -> 24540 | M9: ='[52](TBR) 3+9'!AW3 -> 28815 | N9: ='[52](TBR) 3+9'!BB3 -> 29310 | O9: ='[52](TBR) 3+9'!BG3 -> 39993 | P9: ='[52](TBR) 3+9'!BL3 -> 46365 | Q9: =SUM(E9:P9) -> 286600 | R9: =SUM(F9:Q9) -> 567967 | S9: =SUM(G9:R9) -> 1126084 | T9: =SUM(H9:S9) -> 2231513 | U9: =SUM(I9:T9) -> 4447029 | V9: =SUM(J9:U9) -> 8876258 | W9: =SUM(K9:V9) -> 17722984 | X9: ='[52](TBR) 3+9'!BU3 -> 297190 | Y9: ='[52](TBR) 3+9'!BZ3 -> 303134 | Z9: 292363 | AA9: =Z9-Q9 -> 5763 | AC9: =SUM(K9:P9) -> 187533
C10: OE | D10: HMC | Q10: =SUM(E10:P10) -> 0 | R10: =SUM(F10:Q10) -> 0 | S10: =SUM(G10:R10) -> 0 | T10: =SUM(H10:S10) -> 0 | U10: =SUM(I10:T10) -> 0 | V10: =SUM(J10:U10) -> 0 | W10: =SUM(K10:V10) -> 0 | X10: =SUM(L10:W10) -> 0 | Y10: =SUM(M10:X10) -> 0
D11: TATA | Q11: =SUM(E11:P11) -> 0 | R11: =SUM(F11:Q11) -> 0 | S11: =SUM(G11:R11) -> 0 | T11: =SUM(H11:S11) -> 0 | U11: =SUM(I11:T11) -> 0 | V11: =SUM(J11:U11) -> 0 | W11: =SUM(K11:V11) -> 0 | X11: ='[52](TBR-TATA) 26OB 2nd Pass'!BU3 -> 12064 | Y11: ='[52](TBR-TATA) 26OB 2nd Pass'!BZ3 -> 13772
C12: TBR(G) TTL | E12: =+E11+E10+E9 -> 5233 | F12: =+F11+F10+F9 -> 9850 | G12: =+G11+G10+G9 -> 20655 | H12: =+H11+H10+H9 -> 15997 | I12: =+I11+I10+I9 -> 17800 | J12: =+J11+J10+J9 -> 29532 | K12: =+K11+K10+K9 -> 18510 | L12: =+L11+L10+L9 -> 24540 | ... P12: =+P11+P10+P9 -> 46365 | Q12: =+Q9+Q10+Q11 -> 286600 | R12: =+R9+R10+R11 -> 567967 | S12: =+S9+S10+S11 -> 1126084 | T12: =+T9+T10+T11 -> 2231513 | U12: =+U9+U10+U11 -> 4447029 | V12: =+V9+V10+V11 -> 8876258 | W12: =+W9+W10+W11 -> 17722984 | X12: =+X9+X10+X11 -> 309254 | Y12: =+Y9+Y10+Y11 -> 316906
B13: Total | E13: =E9+E6 -> 23438 | F13: =F9+F6 -> 35176 | G13: =G9+G6 -> 51249 | H13: =H9+H6 -> 47577 | I13: =I9+I6 -> 52456 | J13: =J9+J6 -> 71651 | K13: =K9+K6 -> 60188 | L13: =L9+L6 -> 74705 | ... Y13: =Y9+Y6 -> 809180
B15: A'mt | E15: FCST | Q15: Total | X15: Y27 Total | Y15: Y28 Total
E16: Jan | F16: Feb | G16: Mar | H16: Apr | I16: May | J16: Jun | K16: Jul | L16: Aug | M16: Sep | N16: Oct | O16: Nov | P16: Dec
B17: PSR | C17: REP | D17: Gross | E17: ='[52](PSR) 3+9'!J3 -> 2169081861 | F17: ='[52](PSR) 3+9'!O3 -> 2813777342 | G17: ='[52](PSR) 3+9'!T3 -> 3505593416 | H17: 3859532675 | I17: ='[52](PSR) 3+9'!AD3 -> 4.4906167e+09 | J17: ='[52](PSR) 3+9'!AI3 -> 5.4321657e+09 | K17: ='[52](PSR) 3+9'!AN3 -> 5.5521653e+09 | L17: ='[52](PSR) 3+9'!AS3 -> 6.759813e+09 | M17: ='[52](PSR) 3+9'!AX3 -> 6.4611522e+09 | N17: ='[52](PSR) 3+9'!BC3 -> 6.6730406e+09 | O17: ='[52](PSR) 3+9'!BH3 -> 6.2263572e+09 | P17: ='[52](PSR) 3+9'!BM3 -> 6.691804e+09 | Q17: =SUM(E17:P17) -> 6.06351e+10 | R17: =SUM(F17:Q17) -> 1.1910112e+11 | S17: =SUM(G17:R17) -> 2.3538846e+11 | T17: =SUM(H17:S17) -> 4.6727133e+11 | U17: =SUM(I17:T17) -> 9.3068312e+11 | V17: =SUM(J17:U17) -> 1.8568756e+12 | W17: =SUM(K17:V17) -> 3.7083191e+12 | X17: ='[52](PSR) 3+9'!BV3 -> 6.2283951e+10 | Y17: ='[52](PSR) 3+9'!CA3 -> 6.5394312e+10 | AB17: PSR REP : 2월 전체 Net 금액은 변화없지만, BPC별로 살짝 수정함 B2B 최종을 최종으로 반영해서 큰차이는 없습니다.
D18: Rebate | E18: =E17-E19 -> 1.0133074e+08 | F18: =F17-F19 -> 1.6319909e+08 | G18: =G17-G19 -> 1.6650831e+08 | H18: 491159455 | I18: =I17-I19 -> 5.7189221e+08 | J18: =J17-J19 -> 7.0516978e+08 | K18: =K17-K19 -> 5.6045727e+08 | L18: =L17-L19 -> 6.885916e+08 | M18: =M17-M19 -> 6.5627206e+08 | N18: =N17-N19 -> 6.7854301e+08 | O18: =O17-O19 -> 6.2916107e+08 | P18: =P17-P19 -> 6.745392e+08 | ... Y18: =Y17-Y19 -> 6.5730733e+09 | AB18: 이대운 매니저 수식 안물린거 6월에 수정 그래서 최종 맞춤
D19: Net | E19: ='[52](PSR) 3+9'!K3 -> 2.0677511e+09 | F19: ='[52](PSR) 3+9'!P3 -> 2.6505783e+09 | G19: ='[52](PSR) 3+9'!U3 -> 3.3390851e+09 | H19: 3366229324 | I19: ='[52](PSR) 3+9'!AE3 -> 3.9187245e+09 | J19: ='[52](PSR) 3+9'!AJ3 -> 4.7269959e+09 | K19: ='[52](PSR) 3+9'!AO3 -> 4.9917081e+09 | L19: ='[52](PSR) 3+9'!AT3 -> 6.0712214e+09 | M19: ='[52](PSR) 3+9'!AY3 -> 5.8048802e+09 | N19: ='[52](PSR) 3+9'!BD3 -> 5.9944976e+09 | O19: ='[52](PSR) 3+9'!BI3 -> 5.5971961e+09 | P19: ='[52](PSR) 3+9'!BN3 -> 6.0172648e+09 | Q19: =SUM(E19:P19) -> 5.4546132e+10 | V19: 4.9988117e+10 | W19: =V19-Q19 -> -4.5580156e+09 | X19: 5.6020227e+10 | Y19: 5.8821239e+10 | Z19: 5.3352598e+10 | AA19: =Z19-Q19 -> -1.1935349e+09 | AC19: =SUM(K19:P19) -> 3.4476768e+10
C20: OE | D20: Net | Q20: =SUM(E20:P20) -> 0 | R20: =SUM(F20:Q20) -> 0 | S20: =SUM(G20:R20) -> 0 | T20: =SUM(H20:S20) -> 0 | U20: =SUM(I20:T20) -> 0 | V20: =SUM(J20:U20) -> 0 | W20: =SUM(K20:V20) -> 0 | X20: =SUM(L20:W20) -> 0 | Y20: =SUM(M20:X20) -> 0
C21: PSR(G) TTL | E21: =E20+E19 -> 2.0677511e+09 | F21: =F20+F19 -> 2.6505783e+09 | G21: =G20+G19 -> 3.3390851e+09 | H21: =H20+H19 -> 3366229324 | I21: =I20+I19 -> 3.9187245e+09 | J21: =J20+J19 -> 4.7269959e+09 | K21: =K20+K19 -> 4.9917081e+09 | L21: =L20+L19 -> 6.0712214e+09 | ... P21: =P20+P19 -> 6.0172648e+09 | Q21: =Q19+Q20 -> 5.4546132e+10 | R21: =R19+R20 -> 0 | S21: =S19+S20 -> 0 | T21: =T19+T20 -> 0 | U21: =U19+U20 -> 0 | V21: =V19+V20 -> 4.9988117e+10 | W21: =W19+W20 -> -4.5580156e+09 | X21: =X19+X20 -> 5.6020227e+10 | Y21: =Y19+Y20 -> 5.8821239e+10
B22: TBR | C22: REP | D22: Gross | E22: ='[52](TBR) 3+9'!J3 -> 1436598400 | F22: ='[52](TBR) 3+9'!O3 -> 3042567725 | G22: ='[52](TBR) 3+9'!T3 -> 6148037027 | H22: 4975223663 | I22: ='[52](TBR) 3+9'!AD3 -> 5.428073e+09 | J22: ='[52](TBR) 3+9'!AI3 -> 9.0575725e+09 | K22: ='[52](TBR) 3+9'!AN3 -> 5.8519039e+09 | L22: ='[52](TBR) 3+9'!AS3 -> 7.6146604e+09 | M22: ='[52](TBR) 3+9'!AX3 -> 9.0128557e+09 | N22: ='[52](TBR) 3+9'!BC3 -> 9.1291261e+09 | O22: ='[52](TBR) 3+9'!BH3 -> 1.2476612e+10 | P22: ='[52](TBR) 3+9'!BM3 -> 1.4411214e+10 | Q22: =SUM(E22:P22) -> 8.8584444e+10 | R22: =SUM(F22:Q22) -> 1.7573229e+11 | S22: =SUM(G22:R22) -> 3.4842201e+11 | T22: =SUM(H22:S22) -> 6.9069599e+11 | U22: =SUM(I22:T22) -> 1.3764168e+12 | V22: =SUM(J22:U22) -> 2.7474054e+12 | W22: =SUM(K22:V22) -> 5.4857533e+12 | X22: ='[52](TBR) 3+9'!BV3 -> 9.0484792e+10 | Y22: ='[52](TBR) 3+9'!CA3 -> 9.1934061e+10
D23: Rebate | E23: =E22-E24 -> 0 | F23: =F22-F24 -> 3.3854638e+08 | G23: =G22-G24 -> 2.8491364e+08 | H23: 324238377 | I23: =I22-I24 -> 4.121848e+08 | J23: =J22-J24 -> 6.6950534e+08 | K23: =K22-K24 -> 3.7309979e+08 | L23: =L22-L24 -> 4.9928943e+08 | M23: =M22-M24 -> 5.8474234e+08 | N23: =N22-N24 -> 6.0117618e+08 | O23: =O22-O24 -> 8.074094e+08 | P23: =P22-P24 -> 9.4358928e+08 | Q23: =SUM(E23:P23) -> 5.838695e+09 | R23: =SUM(F23:Q23) -> 1.167739e+10 | S23: =SUM(G23:R23) -> 2.3016233e+10 | T23: =SUM(H23:S23) -> 4.5747553e+10 | U23: =SUM(I23:T23) -> 9.1170868e+10 | V23: =SUM(J23:U23) -> 1.8192955e+11 | W23: =SUM(K23:V23) -> 3.631896e+11 | X23: =X22-X24 -> 6.249576e+09 | Y23: =Y22-Y24 -> 6.3510822e+09
D24: Net | E24: ='[52](TBR) 3+9'!K3 -> 1436598400 | F24: ='[52](TBR) 3+9'!P3 -> 2.7040213e+09 | G24: ='[52](TBR) 3+9'!U3 -> 5.8631234e+09 | H24: 4650985286 | I24: ='[52](TBR) 3+9'!AE3 -> 5.0158882e+09 | J24: ='[52](TBR) 3+9'!AJ3 -> 8.3880671e+09 | K24: ='[52](TBR) 3+9'!AO3 -> 5.4788041e+09 | L24: ='[52](TBR) 3+9'!AT3 -> 7.115371e+09 | M24: ='[52](TBR) 3+9'!AY3 -> 8.4281133e+09 | N24: ='[52](TBR) 3+9'!BD3 -> 8.5279499e+09 | O24: ='[52](TBR) 3+9'!BI3 -> 1.1669203e+10 | P24: ='[52](TBR) 3+9'!BN3 -> 1.3467625e+10 | Q24: =SUM(E24:P24) -> 8.2745749e+10 | R24: =SUM(F24:Q24) -> 1.640549e+11 | S24: =SUM(G24:R24) -> 3.2540578e+11 | T24: =SUM(H24:S24) -> 6.4494844e+11 | U24: =SUM(I24:T24) -> 1.2852459e+12 | V24: =SUM(J24:U24) -> 2.5654759e+12 | W24: =SUM(K24:V24) -> 5.1225637e+12 | X24: ='[52](TBR) 3+9'!BW3 -> 8.4235216e+10 | Y24: ='[52](TBR) 3+9'!CB3 -> 8.5582979e+10 | Z24: 8.3763106e+10 | AA24: =Z24-Q24 -> 1.0173569e+09 | AB24: =Q24-AA24 -> 8.1728393e+10 | AC24: =SUM(K24:P24) -> 5.4687066e+10
C25: OE | D25: HMC | Q25: =SUM(E25:P25) -> 0 | R25: =SUM(F25:Q25) -> 0 | S25: =SUM(G25:R25) -> 0 | T25: =SUM(H25:S25) -> 0 | U25: =SUM(I25:T25) -> 0 | V25: =SUM(J25:U25) -> 0 | W25: =SUM(K25:V25) -> 0
D26: TATA | Q26: =SUM(E26:P26) -> 0 | R26: =SUM(F26:Q26) -> 0 | S26: =SUM(G26:R26) -> 0 | T26: =SUM(H26:S26) -> 0 | U26: =SUM(I26:T26) -> 0 | V26: =SUM(J26:U26) -> 0 | W26: =SUM(K26:V26) -> 0 | X26: ='[52](TBR-TATA) 26OB 2nd Pass'!BW3 -> 3402289390 | Y26: ='[52](TBR-TATA) 26OB 2nd Pass'!CB3 -> 3842999930
C27: TBR(G) TTL | E27: =E24+E25+E26 -> 1436598400 | F27: =F24+F25+F26 -> 2.7040213e+09 | G27: =G24+G25+G26 -> 5.8631234e+09 | H27: =H24+H25+H26 -> 4650985286 | I27: =I24+I25+I26 -> 5.0158882e+09 | J27: =J24+J25+J26 -> 8.3880671e+09 | K27: =K24+K25+K26 -> 5.4788041e+09 | L27: =L24+L25+L26 -> 7.115371e+09 | ... P27: =P24+P25+P26 -> 1.3467625e+10 | Q27: =SUM(E27:P27) -> 8.2745749e+10 | R27: =SUM(F27:Q27) -> 1.640549e+11 | S27: =SUM(G27:R27) -> 3.2540578e+11 | T27: =SUM(H27:S27) -> 6.4494844e+11 | U27: =SUM(I27:T27) -> 1.2852459e+12 | V27: =SUM(J27:U27) -> 2.5654759e+12 | W27: =SUM(K27:V27) -> 5.1225637e+12 | X27: =SUM(X24:X26) -> 8.7637505e+10 | Y27: =SUM(Y24:Y26) -> 8.9425979e+10
B28: Total | E28: =E19+E24 -> 3.5043495e+09 | F28: =F19+F24 -> 5.3545996e+09 | G28: =G19+G24 -> 9.2022085e+09 | H28: =H19+H24 -> 8017214610 | I28: =I19+I24 -> 8.9346126e+09 | J28: =J19+J24 -> 1.3115063e+10 | K28: =K19+K24 -> 1.0470512e+10 | L28: =L19+L24 -> 1.3186592e+10 | ... P28: =P19+P24 -> 1.9484889e+10 | Q28: =SUM(E28:P28) -> 1.3729188e+11 | R28: =SUM(F28:Q28) -> 2.7107941e+11 | S28: =SUM(G28:R28) -> 5.3680423e+11 | T28: =SUM(H28:S28) -> 1.0644062e+12 | U28: =SUM(I28:T28) -> 2.1207953e+12 | V28: =SUM(J28:U28) -> 4.232656e+12 | W28: =SUM(K28:V28) -> 8.4521969e+12
E30: 18205 | F30: 25326 | G30: 30586.511
E31: =E30-E6 -> 0 | F31: =F30-F6 -> 0 | G31: =G30-G6 -> -7.488586
E32: 2.0677511e+09 | F32: 2.6505783e+09 | G32: 3.3231633e+09
E33: =E32-E19 -> 0 | F33: =F32-F19 -> 0 | G33: =G32-G19 -> -15921816
E34: 1436598400 | F34: 2.7040213e+09 | G34: 5508000000
E35: =E34-E24 -> 0 | F35: =F34-F24 -> 0 | G35: =G34-G24 -> -3.5512339e+08
E37: 5233 | F37: 9850 | G37: 20300
E38: =E37-E9 -> 0 | F38: =F37-F9 -> 0 | G38: =G37-G9 -> -355
K48: =K23/K22 -> 0.063756992 | L48: =L23/L22 -> 0.065569494 | M48: =M23/M22 -> 0.064878698 | N48: =N23/N22 -> 0.065852544 | O48: =O23/O22 -> 0.064713834 | P48: =P23/P22 -> 0.065476044
E49: =E6 -> 18205 | F49: =F6 -> 25326 | G49: =G6 -> 30594 | H49: =H6 -> 31580 | I49: =I6 -> 34656 | J49: =J6 -> 42119 | K49: =K6 -> 41678 | L49: =L6 -> 50165 | ... Q49: =Q6 -> 474235
E50: =E9 -> 5233 | F50: =F9 -> 9850 | G50: =G9 -> 20655 | H50: =H9 -> 15997 | I50: =I9 -> 17800 | J50: =J9 -> 29532 | K50: =K9 -> 18510 | L50: =L9 -> 24540 | ... Q50: =Q9 -> 286600
E51: =E11 -> 0 | F51: =F11 -> 0 | G51: =G11 -> 0 | H51: =H11 -> 0 | I51: =I11 -> 0 | J51: =J11 -> 0 | K51: =K11 -> 0 | L51: =L11 -> 0 | ... Q51: =Q11 -> 0
E52: =SUM(E49:E51) -> 23438 | F52: =SUM(F49:F51) -> 35176 | G52: =SUM(G49:G51) -> 51249 | H52: =SUM(H49:H51) -> 47577 | I52: =SUM(I49:I51) -> 52456 | J52: =SUM(J49:J51) -> 71651 | K52: =SUM(K49:K51) -> 60188 | L52: =SUM(L49:L51) -> 74705 | ... Q52: =SUM(Q49:Q51) -> 760835
E53: =E17 -> 2169081861 | F53: =F17 -> 2813777342 | G53: =G17 -> 3505593416 | H53: =H17 -> 3859532675 | I53: =I17 -> 4.4906167e+09 | J53: =J17 -> 5.4321657e+09 | K53: =K17 -> 5.5521653e+09 | L53: =L17 -> 6.759813e+09 | ... Q53: =Q17 -> 6.06351e+10
E54: =-E18 -> -1.0133074e+08 | F54: =-F18 -> -1.6319909e+08 | G54: =-G18 -> -1.6650831e+08 | H54: =-H18 -> -491159455 | I54: =-I18 -> -5.7189221e+08 | J54: =-J18 -> -7.0516978e+08 | K54: =-K18 -> -5.6045727e+08 | L54: =-L18 -> -6.885916e+08 | ... Q54: =-Q18 -> -6.0889677e+09
E56: =E22 -> 1436598400 | F56: =F22 -> 3042567725 | G56: =G22 -> 6148037027 | H56: =H22 -> 4975223663 | I56: =I22 -> 5.428073e+09 | J56: =J22 -> 9.0575725e+09 | K56: =K22 -> 5.8519039e+09 | L56: =L22 -> 7.6146604e+09 | ... Q56: =Q22 -> 8.8584444e+10
E57: =-E23 -> 0 | F57: =-F23 -> -3.3854638e+08 | G57: =-G23 -> -2.8491364e+08 | H57: =-H23 -> -324238377 | I57: =-I23 -> -4.121848e+08 | J57: =-J23 -> -6.6950534e+08 | K57: =-K23 -> -3.7309979e+08 | L57: =-L23 -> -4.9928943e+08 | ... Q57: =-Q23 -> -5.838695e+09
E59: =E26 -> 0 | F59: =F26 -> 0 | G59: =G26 -> 0 | H59: =H26 -> 0 | I59: =I26 -> 0 | J59: =J26 -> 0 | K59: =K26 -> 0 | L59: =L26 -> 0 | ... Q59: =Q26 -> 0
E60: =SUM(E53:E59) -> 3.5043495e+09 | F60: =SUM(F53:F59) -> 5.3545996e+09 | G60: =SUM(G53:G59) -> 9.2022085e+09 | H60: =SUM(H53:H59) -> 8019358506 | I60: =SUM(I53:I59) -> 8.9346126e+09 | J60: =SUM(J53:J59) -> 1.3115063e+10 | K60: =SUM(K53:K59) -> 1.0470512e+10 | L60: =SUM(L53:L59) -> 1.3186592e+10 | ... Q60: =SUM(Q53:Q59) -> 1.3729188e+11
C62: PSR | D62: Gross | E62: =E17 -> 2169081861 | F62: =F17 -> 2813777342 | G62: =G17 -> 3505593416 | H62: =H17 -> 3859532675 | I62: =I17 -> 4.4906167e+09 | J62: =J17 -> 5.4321657e+09 | K62: =K64/(1-K29) -> 5.0146699e+09 | L62: =L64/(1-L29) -> 6.099149e+09 | M62: =M64/(1-M29) -> 5.8315826e+09 | N62: =N64/(1-N29) -> 6.0220723e+09 | O62: =O64/(1-O29) -> 5.6229432e+09 | P62: =P64/(1-P29) -> 6.0449442e+09 | Q62: =SUM(E62:P62) -> 5.6906129e+10
D63: Rebate | E63: =E18 -> 1.0133074e+08 | F63: =F18 -> 1.6319909e+08 | G63: =G18 -> 1.6650831e+08 | H63: =H18 -> 491159455 | I63: =I18 -> 5.7189221e+08 | J63: =J18 -> 7.0516978e+08 | K63: =K62-K64 -> 0 | L63: =L62-L64 -> 0 | M63: =M62-M64 -> 0 | N63: =N62-N64 -> 0 | O63: =O62-O64 -> 0 | P63: =P62-P64 -> 0 | Q63: =SUM(E63:P63) -> 2.1992596e+09
D64: Net | E64: =E19 -> 2.0677511e+09 | F64: =F19 -> 2.6505783e+09 | G64: =G19 -> 3.3390851e+09 | H64: =H19 -> 3366229324 | I64: =I19 -> 3.9187245e+09 | J64: =J19 -> 4.7269959e+09 | K64: =K19*1.0046 -> 5.0146699e+09 | L64: =L19*1.0046 -> 6.099149e+09 | M64: =M19*1.0046 -> 5.8315826e+09 | N64: =N19*1.0046 -> 6.0220723e+09 | O64: =O19*1.0046 -> 5.6229432e+09 | P64: =P19*1.0046 -> 6.0449442e+09 | Q64: =SUM(E64:P64) -> 5.4704726e+10
C66: TBR | D66: Gross | E66: =E22 -> 1436598400 | F66: =F22 -> 3042567725 | G66: =G22 -> 6148037027 | H66: =H22 -> 4975223663 | I66: =I22 -> 5.428073e+09 | J66: =J22 -> 9.0575725e+09 | K66: =K68/(1-K48) -> 5.8606817e+09 | L66: =L68/(1-L48) -> 7.6260824e+09 | M66: =M68/(1-M48) -> 9.026375e+09 | N66: =N68/(1-N48) -> 9.1428198e+09 | O66: =O68/(1-O48) -> 1.2495327e+10 | P66: =P68/(1-P48) -> 1.4432831e+10 | Q66: =SUM(E66:P66) -> 8.8672189e+10
D67: Rebate | E67: =E23 -> 0 | F67: =F23 -> 3.3854638e+08 | G67: =G23 -> 2.8491364e+08 | H67: =H23 -> 324238377 | I67: =I23 -> 4.121848e+08 | J67: =J23 -> 6.6950534e+08 | K67: =K66-K68 -> 3.7365944e+08 | L67: =L66-L68 -> 5.0003836e+08 | M67: =M66-M68 -> 5.8561945e+08 | N67: =N66-N68 -> 6.0207794e+08 | O67: =O66-O68 -> 8.0862052e+08 | P67: =P66-P68 -> 9.4500467e+08 | Q67: =SUM(E67:P67) -> 5.8444089e+09
D68: Net | E68: =E24 -> 1436598400 | F68: =F24 -> 2.7040213e+09 | G68: =G24 -> 5.8631234e+09 | H68: =H24 -> 4650985286 | I68: =I24 -> 5.0158882e+09 | J68: =J24 -> 8.3880671e+09 | K68: =K24*1.0015 -> 5.4870223e+09 | L68: =L24*1.0015 -> 7.126044e+09 | M68: =M24*1.0015 -> 8.4407555e+09 | N68: =N24*1.0015 -> 8.5407419e+09 | O68: =O24*1.0015 -> 1.1686707e+10 | P68: =P24*1.0015 -> 1.3487826e+10 | Q68: =SUM(E68:P68) -> 8.282778e+10
C75: 26OB | D75: PSR REP | E75: 16091 | F75: 22633 | G75: 26329 | H75: 29180 | I75: 31700 | J75: 41311 | K75: 41678 | L75: 50165 | M75: 48461 | N75: 51017 | O75: 48287 | P75: 52147 | Q75: =SUM(E75:P75) -> 458999 | AC75: =SUM(K75:P75) -> 291755
E76: =E6/E75 -> 1.1313778 | F76: =F6/F75 -> 1.1189856 | G76: =G6/G75 -> 1.1619887 | H76: =H6/H75 -> 1.0822481 | I76: =I6/I75 -> 1.0932492 | J76: =J6/J75 -> 1.019559 | K76: =K6/K75 -> 1 | L76: =L6/L75 -> 1 | ... AB76: =AB6/AB75 -> #DIV/0!
E77: 1.8991156e+09 | F77: 2.6051572e+09 | G77: 3.0210575e+09 | H77: 3.2949287e+09 | I77: 3.6081728e+09 | J77: 4.7887515e+09 | K77: 4.9422852e+09 | L77: 6.0111103e+09 | M77: 5.7474061e+09 | N77: 5.9351462e+09 | O77: 5.5417783e+09 | P77: 5.9576879e+09 | Q77: =SUM(E77:P77) -> 5.3352598e+10 | AC77: =SUM(K77:P77) -> 3.4135414e+10
E78: =E19/E77 -> 1.0887968 | F78: =F19/F77 -> 1.017435 | G78: =G19/G77 -> 1.1052703 | H78: =H19/H77 -> 1.0216395 | I78: =I19/I77 -> 1.0860689 | J78: =J19/J77 -> 0.98710404 | K78: =K19/K77 -> 1.01 | L78: =L19/L77 -> 1.01 | ... Q78: =Q19/Q77 -> 1.0223707
C79: 26OB | D79: TBR REP | E79: 7693 | F79: 11685 | G79: 17606 | H79: 17771 | I79: 19100 | J79: 30458 | K79: 19027 | L79: 24540 | M79: 28815 | N79: 29310 | O79: 39993 | P79: 46365 | Q79: =SUM(E79:P79) -> 292363 | AC79: =SUM(K79:P79) -> 188050
E80: =E9/E79 -> 0.68022878 | F80: =F9/F79 -> 0.84296106 | G80: =G9/G79 -> 1.1731796 | H80: =H9/H79 -> 0.90017444 | I80: =I9/I79 -> 0.93193717 | J80: =J9/J79 -> 0.96959748 | K80: =K9/K79 -> 0.97282809 | L80: =L9/L79 -> 1 | ... Q80: =Q9/Q79 -> 0.9802882
E81: 2.2125644e+09 | F81: 3.3185051e+09 | G81: 4.8935597e+09 | H81: 5.057598e+09 | I81: 5.4301869e+09 | J81: 8.7050827e+09 | K81: 5.4245585e+09 | L81: 7.0449218e+09 | M81: 8.3446667e+09 | N81: 8.4435148e+09 | O81: 1.1553666e+10 | P81: 1.3334282e+10 | Q81: =SUM(E81:P81) -> 8.3763106e+10 | AC81: =SUM(K81:P81) -> 5.414561e+10
E82: =E24/E81 -> 0.64929111 | F82: =F24/F81 -> 0.81483117 | G82: =G24/G81 -> 1.1981305 | H82: =H24/H81 -> 0.91960359 | I82: =I24/I81 -> 0.92370453 | J82: =J24/J81 -> 0.96358271 | K82: =K24/K81 -> 1.01 | L82: =L24/L81 -> 1.01 | ... Q82: =Q24/Q81 -> 0.98785436
G87: Q2 | H87: =H75+I75+J75 -> 102191 | I87: =H6+I6+J6 -> 108355 | J87: =I87/H87 -> 1.0603184
H88: =H79+I79+J79 -> 67329 | I88: =H9+I9+J9 -> 63329 | J88: =I88/H88 -> 0.94059024
H89: =H77+I77+J77 -> 1.1691853e+10 | I89: =H19+I19+J19 -> 1.201195e+10 | J89: =I89/H89 -> 1.0273778
H90: =H81+I81+J81 -> 1.9192868e+10 | I90: =H24+I24+J24 -> 1.8054941e+10 | J90: =I90/H90 -> 0.94071095

Sheet Y26 Plan (4.3)
E1: =E10/E2 -> 1.3411669 | F1: =F10/F2 -> 1.1084074 | G1: =G10/G2 -> 1.1628278 | H1: =H10/H2 -> 1.181595 | I1: =I10/I2 -> 1.2192621 | J1: =J10/J2 -> 1.2355529 | K1: =K10/K2 -> 1.0631428 | L1: =L10/L2 -> 1.1588283 | ... W1: =W10/W2 -> 1.1246463 | Z1: LE3 | AA1: 30000 | AB1: 83664.405 | AC1: =AB1*AA1 -> 2.5099321e+09
C2: 25 Act | D2: Q'ty | E2: 13574 | F2: 22849 | G2: 26310 | H2: =+E2+F2+G2 -> 62733 | I2: 24788 | J2: 26574 | K2: 36964 | L2: =+I2+J2+K2 -> 88326 | M2: =L2+H2 -> 151059 | N2: 31347 | O2: 45956 | P2: 46959 | Q2: =+N2+O2+P2 -> 124262 | R2: 51299 | S2: 57760 | T2: 52316 | U2: =+R2+S2+T2 -> 161375 | V2: =U2+Q2 -> 285637 | W2: =V2+M2 -> 436696 | Z2: Winter | AA2: -15000 | AB2: 123000 | AC2: =AB2*AA2 -> -1845000000
D3: Net AMT | E3: 1.645403e+09 | F3: 2.4686141e+09 | G3: 2.7993785e+09 | H3: =+E3+F3+G3 -> 6.9133957e+09 | I3: 2.8310113e+09 | J3: 2.8958416e+09 | K3: 4.347935e+09 | L3: =+I3+J3+K3 -> 1.0074788e+10 | M3: =L3+H3 -> 1.6988184e+10 | N3: 3.6750325e+09 | O3: 5.4434825e+09 | P3: 5.0580172e+09 | Q3: =+N3+O3+P3 -> 1.4176532e+10 | R3: 5.6019277e+09 | S3: 5.6937983e+09 | T3: 6.1335519e+09 | U3: =+R3+S3+T3 -> 1.7429278e+10 | V3: =U3+Q3 -> 3.160581e+10 | W3: =V3+M3 -> 4.8593994e+10 | Y3: 17235.537 | AC3: =AC2+AC1 -> 6.6493214e+08 | AD3: =AC3/15000 -> 44328.809
C5: Volume : pcs | E5: Jan | F5: Feb | G5: Mar | H5: 1Q | I5: Apr | J5: May | K5: Jun | L5: 2Q | M5: 1H TTL | N5: Jul | O5: Aug | P5: Sep | Q5: 3Q | R5: Oct | S5: Nov | T5: Dec | U5: 4Q | V5: 2H TTL | W5: FY TTL | Y5: FY TTL | Z5: LE3+winter impact | AA5: 소물류 fcst | AB5: TTL | AC5: Turanza AS6
C6: OB | D6: Q'ty | E6: 16091 | F6: 22633 | G6: 26329 | H6: =+E6+F6+G6 -> 65053 | I6: 29180 | J6: 31700 | K6: 41311 | L6: =+I6+J6+K6 -> 102191 | M6: =H6+L6 -> 167244 | N6: 41678 | O6: 50165 | P6: 48461 | Q6: =+N6+O6+P6 -> 140304 | R6: 51017 | S6: 48287 | T6: 52147 | U6: =+R6+S6+T6 -> 151451 | V6: =+Q6+U6 -> 291755 | W6: =V6+M6 -> 458999 | Y6: 458999 | AB6: 458999
C7: RF | D7: Q'ty | E7: 18205 | F7: 25326 | G7: 30594 | H7: =+E7+F7+G7 -> 74125 | I7: 30055 | J7: 32651 | K7: 38085 | L7: =+I7+J7+K7 -> 100791 | M7: =L7+H7 -> 174916 | N7: 42928 | O7: 51670 | P7: 49915 | Q7: =+N7+O7+P7 -> 144513 | R7: 51017 | S7: 49736 | T7: 53711 | U7: =+R7+S7+T7 -> 154464 | V7: =U7+Q7 -> 298977 | W7: =V7+M7 -> 473893 | Y7: 463305.75 | AB7: 463305.75
C8: SL | D8: Q'ty | I8: 168.06901 | J8: 182.58354 | K8: 213.01188 | L8: =+I8+J8+K8 -> 563.66443 | M8: =L8+H8 -> 563.66443 | N8: 240.05416 | O8: 288.93701 | P8: 279.12243 | Q8: =+N8+O8+P8 -> 808.1136 | R8: 285.28573 | S8: 278.12023 | T8: 300.3528 | U8: =+R8+S8+T8 -> 863.75877 | V8: =U8+Q8 -> 1671.8724 | W8: =V8+M8 -> 2235.5368
C9: Add | D9: Q'ty | K9: 1000 | L9: =+I9+J9+K9 -> 1000 | M9: =L9+H9 -> 1000 | N9: 2000 | O9: 2000 | P9: 2000 | Q9: =+N9+O9+P9 -> 6000 | R9: 2000 | S9: 3000 | T9: 3000 | U9: =+R9+S9+T9 -> 8000 | V9: =U9+Q9 -> 14000 | W9: =V9+M9 -> 15000
C10: ACT/Fcst | D10: Q'ty | E10: =E7+E8+E9 -> 18205 | F10: =F7+F8+F9 -> 25326 | G10: =G7+G8+G9 -> 30594 | H10: =H7+H8+H9 -> 74125 | I10: =I7+I8+I9 -> 30223.069 | J10: =J7+J8+J9 -> 32833.584 | K10: =K7+K8+K9 -> 39298.012 | L10: =L7+L8+L9 -> 102354.66 | ... W10: =W7+W8+W9 -> 491128.54 | Y10: 473893 | Z10: 15000 | AA10: 2200 | AB10: =Y10+Z10+AA10 -> 491093 | AC10: 13000 | AD10: =AC10+AB10 -> 504093
D11: % vs RF | E11: =E10/E7 -> 1 | F11: =F10/F7 -> 1 | G11: =G10/G7 -> 1 | H11: =H10/H7 -> 1 | I11: =I10/I7 -> 1.005592 | J11: =J10/J7 -> 1.005592 | K11: =K10/K7 -> 1.0318501 | L11: =L10/L7 -> 1.0155139 | ... W11: =W10/W7 -> 1.0363701 | Y11: 1.0228527
D12: % vs OB | E12: =E10/E6 -> 1.1313778 | F12: =F10/F6 -> 1.1189856 | G12: =G10/G6 -> 1.1619887 | H12: =H10/H6 -> 1.1394555 | I12: =I10/I6 -> 1.035746 | J12: =J10/J6 -> 1.0357597 | K12: =K10/K6 -> 0.95127235 | L12: =L10/L6 -> 1.0016016 | ... W12: =W10/W6 -> 1.0699991 | Y12: 1.03245 | AB12: =AB10/AB6 -> 1.0699217 | AD12: =AD10/AB6 -> 1.0982442
D13: +/- vs OB | E13: =E10-E6 -> 2114 | F13: =F10-F6 -> 2693 | G13: =G10-G6 -> 4265 | H13: =H10-H6 -> 9072 | I13: =I10-I6 -> 1043.069 | J13: =J10-J6 -> 1133.5835 | K13: =K10-K6 -> -2012.9881 | L13: =L10-L6 -> 163.66443 | ... Q13: =Q10-Q6 -> 11017.114 | S13: =S10-S6 -> 4727.1202 | U13: =U10-U6 -> 11876.759 | V13: =V10-V6 -> 22893.872 | W13: =W10-W6 -> 32129.537 | Y13: 14894.54
D14: vs PY | E14: =E10/E2 -> 1.3411669 | F14: =F10/F2 -> 1.1084074 | G14: =G10/G2 -> 1.1628278 | H14: =H10/H2 -> 1.181595 | I14: =I10/I2 -> 1.2192621 | J14: =J10/J2 -> 1.2355529 | K14: =K10/K2 -> 1.0631428 | L14: =L10/L2 -> 1.1588283 | ... W14: =W10/W2 -> 1.1246463 | Y14: 1.0851795
C16: Net Amount : MKkrw | E16: Jan | F16: Feb | G16: Mar | H16: 1Q | I16: Apr | J16: May | K16: Jun | L16: 2Q | M16: 1H TTL | N16: Jul | O16: Aug | P16: Sep | Q16: 3Q | R16: Oct | S16: Nov | T16: Dec | U16: 4Q | V16: 2H TTL | W16: FY TTL | Y16: FY TTL | AC16: 121000
C17: OB | D17: Net AMT | E17: 1.8991156e+09 | F17: 2.6051572e+09 | G17: 3.0210575e+09 | H17: =+E17+F17+G17 -> 7.5253304e+09 | I17: 3.2949287e+09 | J17: 3.6081728e+09 | K17: 4.7887515e+09 | L17: =+I17+J17+K17 -> 1.1691853e+10 | M17: =L17+H17 -> 1.9217183e+10 | N17: 4.9422852e+09 | O17: 6.0111103e+09 | P17: 5.7474061e+09 | Q17: =+N17+O17+P17 -> 1.6700802e+10 | R17: 5.9351462e+09 | S17: 5.5417783e+09 | T17: 5.9576879e+09 | U17: =+R17+S17+T17 -> 1.7434612e+10 | V17: =U17+Q17 -> 3.4135414e+10 | W17: =V17+M17 -> 5.3352598e+10 | Y17: 5.3352598e+10 | AB17: 5.3352598e+10
C18: RF | D18: Net AMT | E18: 2.0677511e+09 | F18: 2.6505783e+09 | G18: 3.3390851e+09 | H18: =+E18+F18+G18 -> 8.0574145e+09 | I18: 3.2949287e+09 | J18: 3.6081728e+09 | K18: 4.2566674e+09 | L18: =+I18+J18+K18 -> 1.1159769e+10 | M18: =L18+H18 -> 1.9217183e+10 | N18: 4.9422852e+09 | O18: 6.0111103e+09 | P18: 5.7474061e+09 | Q18: =+N18+O18+P18 -> 1.6700802e+10 | R18: 5.9351462e+09 | S18: 5.5417783e+09 | T18: 5.9576879e+09 | U18: =+R18+S18+T18 -> 1.7434612e+10 | V18: =U18+Q18 -> 3.4135414e+10 | W18: =V18+M18 -> 5.3352598e+10 | Y18: 5.3352598e+10 | AB18: 5.3352598e+10
C19: SL | D19: Net AMT | H19: =+E19+F19+G19 -> 0 | I19: 30398674 | J19: 33288632 | K19: 39428254 | L19: =+I19+J19+K19 -> 1.0311556e+08 | M19: =L19+H19 -> 1.0311556e+08 | N19: 45597016 | O19: 55457886 | P19: 53024978 | Q19: =+N19+O19+P19 -> 1.5407988e+08 | R19: 54757049 | S19: 51127878 | T19: 54965017 | U19: =+R19+S19+T19 -> 1.6084994e+08 | V19: =U19+Q19 -> 3.1492982e+08 | W19: =V19+M19 -> 4.1804538e+08
C20: Add | D20: Net AMT | H20: =+E20+F20+G20 -> 0 | K20: 44328809 | L20: =+I20+J20+K20 -> 44328809 | M20: =L20+H20 -> 44328809 | N20: 88657619 | O20: 88657619 | P20: 88657619 | Q20: =+N20+O20+P20 -> 2.6597286e+08 | R20: 88657619 | S20: 1.3298643e+08 | T20: 1.3298643e+08 | U20: =+R20+S20+T20 -> 3.5463047e+08 | V20: =U20+Q20 -> 6.2060333e+08 | W20: =V20+M20 -> 6.6493214e+08
C21: ACT/Fcst | D21: Net AMT | E21: =E18+E19+E20 -> 2.0677511e+09 | F21: =F18+F19+F20 -> 2.6505783e+09 | G21: =G18+G19+G20 -> 3.3390851e+09 | H21: =H18+H19+H20 -> 8.0574145e+09 | I21: =I18+I19+I20 -> 3.3253274e+09 | J21: =J18+J19+J20 -> 3.6414615e+09 | K21: =K18+K19+K20 -> 4.3404245e+09 | L21: =L18+L19+L20 -> 1.1307213e+10 | ... W21: =W18+W19+W20 -> 5.4435575e+10 | Y21: 5.3352598e+10 | Z21: =AC3 -> 6.6493214e+08 | AA21: 418000000 | AB21: =Y21+Z21+AA21 -> 5.443553e+10 | AC21: =AC10*AC16 -> 1573000000 | AD21: =AB21+AC21 -> 5.600853e+10
D22: % vs RF | E22: =E21/E18 -> 1 | F22: =F21/F18 -> 1 | G22: =G21/G18 -> 1 | H22: =H21/H18 -> 1 | I22: =I21/I18 -> 1.0092259 | J22: =J21/J18 -> 1.0092259 | K22: =K21/K18 -> 1.0196767 | L22: =L21/L18 -> 1.0132121 | ... W22: =W21/W18 -> 1.0202985 | Y22: 1 | AB22: =AB21/AB17 -> 1.0202976 | AD22: =AD21/AB18 -> 1.0497807
D23: % vs OB | E23: =E21/E17 -> 1.0887968 | F23: =F21/F17 -> 1.017435 | G23: =G21/G17 -> 1.1052703 | H23: =H21/H17 -> 1.0707057 | I23: =I21/I17 -> 1.0092259 | J23: =J21/J17 -> 1.0092259 | K23: =K21/K17 -> 0.90637915 | L23: =L21/L17 -> 0.9671019 | ... W23: =W21/W17 -> 1.0202985 | Y23: 1
D24: +/- vs OB | E24: =E21-E17 -> 1.6863547e+08 | F24: =F21-F17 -> 45421021 | G24: =G21-G17 -> 3.1802757e+08 | H24: =H21-H17 -> 5.3208407e+08 | I24: =I21-I17 -> 30398674 | J24: =J21-J17 -> 33288632 | K24: =K21-K17 -> -4.48327e+08 | L24: =L21-L17 -> -3.846397e+08 | ... W24: =W21-W17 -> 1.0829775e+09 | Y24: 0
D25: vs PY | E25: =E21/E3 -> 1.2566837 | F25: =F21/F3 -> 1.0737111 | G25: =G21/G3 -> 1.1927951 | H25: =H21/H3 -> 1.1654786 | I25: =I21/I3 -> 1.1746076 | J25: =J21/J3 -> 1.2574795 | K25: =K21/K3 -> 0.99827263 | L25: =L21/L3 -> 1.1223277 | ... W25: =W21/W3 -> 1.120212 | Y25: 1.0979258
C26: ASP | D26: OB | E26: =E17/E6 -> 118023.47 | F26: =F17/F6 -> 115104.37 | G26: =G17/G6 -> 114742.59 | H26: =H17/H6 -> 115679.99 | I26: =I17/I6 -> 112917.37 | J26: =J17/J6 -> 113822.49 | K26: =K17/K6 -> 115919.52 | L26: =L17/L6 -> 114411.77 | ... W26: =W17/W6 -> 116236.85 | Y26: 116236.85
D27: ACT/FCST | E27: =E21/E10 -> 113581.5 | F27: =F21/F10 -> 104658.38 | G27: =G21/G10 -> 109141.83 | H27: =H21/H10 -> 108700.36 | I27: =I21/I10 -> 110026.13 | J27: =J21/J10 -> 110906.61 | K27: =K21/K10 -> 110448.96 | L27: =L21/L10 -> 110470.91 | ... W27: =W21/W10 -> 110837.74 | Y27: 112583.51
C29: 1. Mar sales review
C30: - Qty : 116.2% vs 26OB | E30: ▶ Dealers' purchases have increased before price increase
E31: ▶ Successful launching of RE005(Sales : 3,170 pcs / Preorder : 12,000 pcs)
C32: - Amt :110.5% vs 26OB | E32: ▶ Although sales vol increased, there is amt gap due to mix sales
C34: 2. Apr sales plan
C35: - Qty : 103% vs 26OB | E35: ▶ Plan to achieve 103% of volume to meet revenue target.
E36: ▶ Increase sales volume with early bird promotion(LVR)
C37: - Amt : 100% vs 26OB | E37: ▶ The price increase settles down in the market to secure the target ASP.
E38: ▶ Focus on selling high ASP products with various promotions(Potenza sport AS, Turanza EV, KOE)

Sheet 6월 매출현황(6.26)
N1: =SUBTOTAL(109,N3:N2000) -> 33446
A2: NO | B2: 거래처 | C2: 품목분류 | D2: MTP분류 | E2: 이익부서 | F2: ProdCode | G2: SIZE | H2: PTTN | I2: 원산지 | J2: 공장도가 | K2: 2026-06 | L2: QTY | M2: 합계금액 | N2: 합계수량
A3: 1 | B3: 동남타이어(순천) | C3: PSR | D3: UHP(17UP） | E3: 이양희 | F3: PSR0174F | G3: 235/60R/18 | H3: WEATHERGRIP | I3: 일본 | J3: 281930 | K3: 212729 | L3: 2 | M3: 212729 | N3: 2
A4: 2 | B4: 타이어파크(타이어프로남구점) | C4: PSR | D4: 4x4(L) | E4: 이상호 | F4: PSR17613 | G4: 245/50R/20 (HD PALISADE) | H4: DHPS-AS | I4: 일본 | J4: 414370 | K4: 188953 | L4: 1 | M4: 188953 | N4: 1
A5: 3 | B5: 종합타이어(마산) | C5: PSR | D5: UHP(17UP） | E5: 이양희 | F5: PSR0V258 | G5: 225/45R/18 (SERENITY PLUS) | H5: EL64Z | I5: 베트남 | J5: 269390 | K5: 431024 | L5: 4 | M5: 431024 | N5: 4
A6: 4 | B6: (주)드래곤드림 | C6: PSR | D6: LVR | E6: 임봉빈 | F6: LVR09734 | G6: 215/75R/16 (ISUZU ELF) | H6: R294 | I6: 일본 | J6: 281490 | K6: 886847 | L6: 8 | M6: 886847 | N6: 8
A7: 5 | B7: 주식회사태안가설기업 | C7: PSR | D7: UHP(17UP） | E7: 송강호 | F7: PSR0G819 | G7: 255/45R/20 (BMW 7 series),B-Silent | H7: TURANZA 6 | I7: 유럽 | J7: 681010 | K7: 763636 | L7: 2 | M7: 763636 | N7: 2
A8: 6 | B8: 주식회사태안가설기업 | C8: PSR | D8: UHP(17UP） | E8: 송강호 | F8: PSR0G820 | G8: 285/40R/20 (BMW 7series/ENLITEN) | H8: TURANZA 6 | I8: 유럽 | J8: 756580 | K8: 854546 | L8: 2 | M8: 854546 | N8: 2
A9: 7 | B9: 주식회사태안가설기업 | C9: PSR | D9: RFT | E9: 송강호 | F9: PSR0U466 | G9: 245/50R/19 RFT (BMW 2018 X3) | H9: ALENZA 001 | I9: 미국 | J9: 585750 | K9: 927273 | L9: 3 | M9: 927273 | N9: 3
A10: 8 | B10: 한국타이어김천판매(주) | C10: PSR | D10: 4x4(L) | E10: 이상호 | F10: PSR0183F | G10: 235/55R/19 | H10: DESTINATION LE3 | I10: 일본 | J10: 257620 | K10: 398140 | L10: 4 | M10: 398140 | N10: 4
A11: 9 | B11: 한국타이어김천판매(주) | C11: PSR | D11: 4x4(L) | E11: 이상호 | F11: PSR0184F | G11: 235/60R/18 | H11: DESTINATION LE3 | I11: 일본 | J11: 252010 | K11: 389470 | L11: 4 | M11: 389470 | N11: 4
A12: 10 | B12: 한국타이어김천판매(주) | C12: PSR | D12: 4x4(L) | E12: 이상호 | F12: PSR0189F | G12: 235/65R/17 | H12: DESTINATION LE3 | I12: 일본 | J12: 219450 | K12: 339150 | L12: 4 | M12: 339150 | N12: 4
A13: 11 | B13: 한국타이어김천판매(주) | C13: PSR | D13: UHP(17UP） | E13: 이상호 | F13: PSR0197F | G13: 235/55R/18 | H13: FS-All season | I13: 일본 | J13: 218020 | K13: 336940 | L13: 4 | M13: 336940 | N13: 4
A14: 12 | B14: 한국타이어김천판매(주) | C14: PSR | D14: 4x4(L) | E14: 이상호 | F14: PSR0209F | G14: 255/50R/20 | H14: DESTINATION LE3 | I14: 일본 | J14: 305800 | K14: 472600 | L14: 4 | M14: 472600 | N14: 4
... A1863: 1861 | B1863: 타이어킹박사(주) | C1863: PSR | D1863: UHP(17UP） | E1863: 이양희 | F1863: PSR0NJD0 | G1863: 245/45R/19 (SERENITY PLUS) | H1863: EL64Z | I1863: 인도네시아 | J1863: 356290 | K1863: 570064 | L1863: 4 | M1863: 570064 | N1863: 4

Sheet 5월 매출현황(5.31)
N1: =SUBTOTAL(109,N3:N2000) -> 35505
A2: NO | B2: 거래처 | C2: 품목분류 | D2: MTP분류 | E2: 이익부서 | F2: ProdCode | G2: SIZE | H2: PTTN | I2: 원산지 | J2: 공장도가 | K2: 2026-05 | L2: QTY | M2: 합계금액 | N2: 합계수량
A3: 1 | B3: 타이어파크(타이어프로남구점) | C3: PSR | D3: UHP(17UP） | E3: 이상호 | F3: PSR0251F | G3: 215/55R/17 | H3: FS-All season | I3: 일본 | J3: 199650 | K3: 150645 | L3: 2 | M3: 150645 | N3: 2
A4: 2 | B4: 타이어파크(타이어프로남구점) | C4: PSR | D4: UHP(17UP） | E4: 이상호 | F4: PSR0259F | G4: 225/55R/17 | H4: FS-All season | I4: 일본 | J4: 203610 | K4: 468303 | L4: 6 | M4: 468303 | N4: 6
A5: 3 | B5: 타이어파크(타이어프로남구점) | C5: PSR | D5: UHP(17UP） | E5: 이상호 | F5: PSR0G165 | G5: 225/40R/19 (Benz A-CLASS, B-CLASS, CLA) | H5: T005 | I5: 유럽 | J5: 560890 | K5: 290643 | L5: 2 | M5: 290643 | N5: 2
A6: 4 | B6: 타이어파크(타이어프로남구점) | C6: PSR | D6: UHP(17UP） | E6: 이상호 | F6: PSR0LD19 | G6: 225/50R/17 | H6: EP300 | I6: 태국 | J6: 194370 | K6: 155496 | L6: 2 | M6: 155496 | N6: 2
A7: 5 | B7: 타이어파크(타이어프로남구점) | C7: PSR | D7: UHP(17UP） | E7: 이상호 | F7: PSR0LD20 | G7: 245/45R/18 | H7: EP300 | I7: 태국 | J7: 203170 | K7: 1483141 | L7: 20 | M7: 1483141 | N7: 20
A8: 6 | B8: 타이어파크(타이어프로남구점) | C8: PSR | D8: UHP(17UP） | E8: 이상호 | F8: PSR0NJD2 | G8: 225/45R/17 (SERENITY PLUS) | H8: EL64Z | I8: 인도네시아 | J8: 231330 | K8: 370128 | L8: 4 | M8: 370128 | N8: 4
A9: 7 | B9: 타이어파크(타이어프로남구점) | C9: PSR | D9: 4x4(L) | E9: 이상호 | F9: PSR0W470 | G9: 235/60R/18 | H9: D400 | I9: 중국 | J9: 232870 | K9: 1061887 | L9: 12 | M9: 1061887 | N9: 12
A10: 8 | B10: 타이어파크(타이어프로남구점) | C10: PSR | D10: UHP(17UP） | E10: 이상호 | F10: PSR17734 | G10: 235/45R/18 (TOYOTA CAMRY & ES) | H10: EL440 | I10: 일본 | J10: 420530 | K10: 810629 | L10: 4 | M10: 810629 | N10: 4
A11: 9 | B11: 타이어파크(타이어프로남구점) | C11: PSR | D11: UHP(17UP） | E11: 이상호 | F11: PSR17888 | G11: 255/55R/18 (LEXUS RZ, ENLITEN) | H11: EL450 | I11: 일본 | J11: 400840 | K11: 764365 | L11: 4 | M11: 764365 | N11: 4
A12: 10 | B12: 타이어파크(타이어프로남구점) | C12: PSR | D12: 4x4(L) | E12: 이상호 | F12: PSR18007 | G12: 235/55R/19 | H12: D400 | I12: 일본 | J12: 270490 | K12: 1233434 | L12: 12 | M12: 1233434 | N12: 12
A13: 11 | B13: 타이어피플 | C13: PSR | D13: 4x4(L) | E13: 이승희 | F13: PSR0182F | G13: 225/55R/18 | H13: DESTINATION LE3 | I13: 일본 | J13: 238810 | K13: 360386 | L13: 4 | M13: 360386 | N13: 4
A14: 12 | B14: 타이어피플 | C14: PSR | D14: 4x4(L) | E14: 이승희 | F14: PSR0183F | G14: 235/55R/19 | H14: DESTINATION LE3 | I14: 일본 | J14: 257620 | K14: 388772 | L14: 4 | M14: 388772 | N14: 4
... A1963: 1961 | B1963: 타이어킹박사(주) | C1963: PSR | D1963: UHP(17UP） | E1963: 이양희 | F1963: PSR0NJC8 | G1963: 235/45R/18 (SERENITY PLUS) | H1963: EL64Z | I1963: 인도네시아 | J1963: 270600 | K1963: 865920 | L1963: 8 | M1963: 865920 | N1963: 8

Sheet Sheet1
B2: 거래처 | C2: 품목분류 | D2: MTP분류 | E2: 이익부서 | F2: ProdCode | G2: SIZE | H2: PTTN | I2: 원산지 | J2: 공장도가 | K2: 2026-04 | L2: QTY | M2: 합계금액 | N2: 합계수량
B3: 비케이모터스(구.대경) | C3: PSR | D3: LVR | E3: 이상호 | F3: LVR0L328 | G3: 195/70R/15 | H3: R710 | I3: 태국 | J3: 208890 | K3: 3653676 | L3: 52 | M3: 3653676 | N3: 52 | P3: R710 | Q3: =SUMIF($H:$H,P3,$N:$N) -> 138
B4: 비케이모터스(구.대경) | C4: PSR | D4: LVR | E4: 이상호 | F4: LVR0L331 | G4: 195R/15 | H4: R710 | I4: 태국 | J4: 193710 | K4: 2736594 | L4: 42 | M4: 2736594 | N4: 42 | P4: DESTINATION LE3 | Q4: =SUMIF($H:$H,P4,$N:$N) -> 249
B5: 비케이모터스(구.대경) | C5: PSR | D5: LVR | E5: 이상호 | F5: LVR0L334 | G5: 215/70R/16 | H5: R710 | I5: 태국 | J5: 247610 | K5: 2665184 | L5: 32 | M5: 2665184 | N5: 32 | P5: FS-All season | Q5: =SUMIF($H:$H,P5,$N:$N) -> 6
B6: 비케이모터스(구.대경) | C6: PSR | D6: LVR | E6: 이상호 | F6: LVR0L337 | G6: 185R/14 | H6: R710 | I6: 태국 | J6: 182600 | K6: 614200 | L6: 10 | M6: 614200 | N6: 10 | P6: D685 | Q6: =SUMIF($H:$H,P6,$N:$N) -> 20
B7: 비케이모터스(구.대경) | C7: PSR | D7: LVR | E7: 이상호 | F7: LVR0L338 | G7: 195R/14 | H7: R710 | I7: 태국 | J7: 204710 | K7: 141436 | L7: 2 | M7: 141436 | N7: 2 | P7: ALENZA 001 | Q7: =SUMIF($H:$H,P7,$N:$N) -> 0 | T7: R710 | U7: 138
B8: 비케이모터스(구.대경) | C8: PSR | D8: 4x4(L) | E8: 이상호 | F8: PSR0182F | G8: 225/55R/18 | H8: DESTINATION LE3 | I8: 일본 | J8: 238810 | K8: 3430180 | L8: 40 | M8: 3430180 | N8: 40 | P8: T005 | Q8: =SUMIF($H:$H,P8,$N:$N) -> 8 | T8: DESTINATION LE3 | U8: 249
B9: 비케이모터스(구.대경) | C9: PSR | D9: 4x4(L) | E9: 이상호 | F9: PSR0183F | G9: 235/55R/19 | H9: DESTINATION LE3 | I9: 일본 | J9: 257620 | K9: 17576710 | L9: 190 | M9: 17576710 | N9: 190 | P9: DHPA | Q9: =SUMIF($H:$H,P9,$N:$N) -> 2 | T9: RE005 | U9: 291
B10: 비케이모터스(구.대경) | C10: PSR | D10: 4x4(L) | E10: 이상호 | F10: PSR0184F | G10: 235/60R/18 | H10: DESTINATION LE3 | I10: 일본 | J10: 252010 | K10: -570459 | L10: -6 | M10: -570459 | N10: -6 | P10: POTENZA SPORT | Q10: =SUMIF($H:$H,P10,$N:$N) -> 1 | T10: EL64Z | U10: 111
B11: 비케이모터스(구.대경) | C11: PSR | D11: 4x4(L) | E11: 이상호 | F11: PSR0186F | G11: 225/60R/18 | H11: DESTINATION LE3 | I11: 일본 | J11: 244970 | K11: -1773806 | L11: -19 | M11: -1773806 | N11: -19 | P11: S005 | Q11: =SUMIF($H:$H,P11,$N:$N) -> 1
B12: 비케이모터스(구.대경) | C12: PSR | D12: 4x4(L) | E12: 이상호 | F12: PSR0187F | G12: 225/65R/17 | H12: DESTINATION LE3 | I12: 일본 | J12: 222310 | K12: 83871 | L12: 1 | M12: 83871 | N12: 1 | P12: TURANZA 6 | Q12: =SUMIF($H:$H,P12,$N:$N) -> 25
B13: 비케이모터스(구.대경) | C13: PSR | D13: 4x4(L) | E13: 이상호 | F13: PSR0188F | G13: 235/55R/20 | H13: DESTINATION LE3 | I13: 일본 | J13: 294030 | K13: -443718 | L13: -4 | M13: -443718 | N13: -4 | P13: ALENZA SPORT A/S | Q13: =SUMIF($H:$H,P13,$N:$N) -> 23
B14: 비케이모터스(구.대경) | C14: PSR | D14: 4x4(L) | E14: 이상호 | F14: PSR0189F | G14: 235/65R/17 | H14: DESTINATION LE3 | I14: 일본 | J14: 219450 | K14: -82793 | L14: -1 | M14: -82793 | N14: -1 | P14: RE005 | Q14: =SUMIF($H:$H,P14,$N:$N) -> 291
B15: 비케이모터스(구.대경) | C15: PSR | D15: 4x4(L) | E15: 이상호 | F15: PSR0194F | G15: 235/55R/18 | H15: DESTINATION LE3 | I15: 일본 | J15: 258500 | K15: 4446200 | L15: 48 | M15: 4446200 | N15: 48 | P15: EP300 | Q15: =SUMIF($H:$H,P15,$N:$N) -> 59
B16: 비케이모터스(구.대경) | C16: PSR | D16: UHP(17UP） | E16: 이상호 | F16: PSR0251F | G16: 215/55R/17 | H16: FS-All season | I16: 일본 | J16: 199650 | K16: 301290 | L16: 4 | M16: 301290 | N16: 4 | P16: HL001 | Q16: =SUMIF($H:$H,P16,$N:$N) -> 10
B17: 비케이모터스(구.대경) | C17: PSR | D17: 4x4(L) | E17: 이상호 | F17: PSR0C023 | G17: 255/70R/18 (Jeep Wrangler Unlimited) | H17: D685 | I17: 캐나다 | J17: 467280 | K17: 4116312 | L17: 20 | M17: 4116312 | N17: 20 | P17: EL64Z | Q17: =SUMIF($H:$H,P17,$N:$N) -> 111
B18: 비케이모터스(구.대경) | C18: PSR | D18: RFT | E18: 이상호 | F18: PSR0G068 | G18: 275/35R/21 RFT (BMW X3) | H18: ALENZA 001 | I18: 유럽 | J18: 891770 | K18: 813294 | L18: 2 | M18: 813294 | N18: 2 | P18: ALENZA A/S 02 | Q18: =SUMIF($H:$H,P18,$N:$N) -> 28
B19: 비케이모터스(구.대경) | C19: PSR | D19: UHP(17UP） | E19: 이상호 | F19: PSR0G164 | G19: 205/55R/17 (BENZ A/B Class MO) | H19: T005 | I19: 유럽 | J19: 338140 | K19: 297871 | L19: 2 | M19: 297871 | N19: 2 | P19: POTENZA SPORT AS | Q19: =SUMIF($H:$H,P19,$N:$N) -> 4
B20: 비케이모터스(구.대경) | C20: PSR | D20: RFT | E20: 이상호 | F20: PSR0G292 | G20: 245/40R/19 RFT (BMW 8-Series (G14,15,16)) | H20: T005 | I20: 유럽 | J20: 654720 | K20: 298552 | L20: 1 | M20: 298552 | N20: 1 | P20: EA04 | Q20: =SUMIF($H:$H,P20,$N:$N) -> 0
B21: 비케이모터스(구.대경) | C21: PSR | D21: RFT | E21: 이상호 | F21: PSR0G371 | G21: 255/35R/19 RFT (BMW G20) | H21: T005 | I21: 유럽 | J21: 631620 | K21: 523670 | L21: 2 | M21: 523670 | N21: 2 | P21: EL400 | Q21: =SUMIF($H:$H,P21,$N:$N) -> 10
B22: 비케이모터스(구.대경) | C22: PSR | D22: 4x4(L) | E22: 이상호 | F22: PSR0G532 | G22: 235/55R/19 (BENZ GLC300) | H22: DHPA | I22: 유럽 | J22: 515570 | K22: 0 | L22: 0 | M22: 0 | N22: 0 | P22: EP422 Plus | Q22: =SUMIF($H:$H,P22,$N:$N) -> 3
... B27: 비케이모터스(구.대경) | C27: PSR | D27: 4x4(L) | E27: 이상호 | F27: PSR0G811 | G27: 285/40R/21 (Audi e-Tron) | H27: ALENZA 001 | I27: 유럽 | J27: 642180 | K27: 0 | L27: 0 | M27: 0 | N27: 0 | P27: D400 | Q27: =SUMIF($H:$H,P27,$N:$N) -> 4
B28: 비케이모터스(구.대경) | C28: PSR | D28: UHP(17UP） | E28: 이상호 | F28: PSR0G819 | G28: 255/45R/20 (BMW 7 series),B-Silent | H28: TURANZA 6 | I28: 유럽 | J28: 681010 | K28: 3105405 | L28: 10 | M28: 3105405 | N28: 10
B29: 비케이모터스(구.대경) | C29: PSR | D29: UHP(17UP） | E29: 이상호 | F29: PSR0G820 | G29: 285/40R/20 (BMW 7 series) | H29: TURANZA 6 | I29: 유럽 | J29: 756580 | K29: 1725002 | L29: 5 | M29: 1725002 | N29: 5
B30: 비케이모터스(구.대경) | C30: PSR | D30: UHP(17UP） | E30: 이상호 | F30: PSR0G821 | G30: 255/40R/21 (BMW 7 series),B-Silent | H30: TURANZA 6 | I30: 유럽 | J30: 685630 | K30: 1250589 | L30: 4 | M30: 1250589 | N30: 4
B31: 비케이모터스(구.대경) | C31: PSR | D31: UHP(17UP） | E31: 이상호 | F31: PSR0G822 | G31: 285/35R/21 (BMW 7 series) ENLITEN | H31: TURANZA 6 | I31: 유럽 | J31: 761750 | K31: 1042074 | L31: 3 | M31: 1042074 | N31: 3
B32: 비케이모터스(구.대경) | C32: PSR | D32: UHP(17UP） | E32: 이상호 | F32: PSR0G854 | G32: 225/55R/18 (Mercedes-benz E class, MO) | H32: TURANZA 6 | I32: 유럽 | J32: 446160 | K32: 393026 | L32: 2 | M32: 393026 | N32: 2
B33: 비케이모터스(구.대경) | C33: PSR | D33: 4x4(L) | E33: 이상호 | F33: PSR0G872 | G33: 285/45R/21 (Porsche Cayenne & Coupe) | H33: ALENZA SPORT A/S | I33: 유럽 | J33: 766920 | K33: 7693741 | L33: 22 | M33: 7693741 | N33: 22
B34: 비케이모터스(구.대경) | C34: PSR | D34: 4x4(L) | E34: 이상호 | F34: PSR0G873 | G34: 315/40R/21 (Porsche Cayenne & Coupe) | H34: ALENZA SPORT A/S | I34: 유럽 | J34: 804980 | K34: 734142 | L34: 2 | M34: 734142 | N34: 2
B35: 비케이모터스(구.대경) | C35: PSR | D35: UHP(17UP） | E35: 이상호 | F35: PSR0G928 | G35: 245/45R/19 (X1/X2,Countryman, E-Class MO/ENLITEN) | H35: TURANZA 6 | I35: 유럽 | J35: 494780 | K35: 225619 | L35: 1 | M35: 225619 | N35: 1
B36: 비케이모터스(구.대경) | C36: PSR | D36: UHP(17UP） | E36: 이상호 | F36: PSR0G929 | G36: 275/40R/19 (5-Series, E-Class MO/ENLITEN) | H36: TURANZA 6 | I36: 유럽 | J36: 596200 | K36: 0 | L36: 0 | M36: 0 | N36: 0
B37: 비케이모터스(구.대경) | C37: PSR | D37: PSR OOGATA （16ONLY） | E37: 이상호 | F37: PSR0LAG4 | G37: 205/55R/16 | H37: RE005 | I37: 태국 | J37: 195360 | K37: 468864 | L37: 6 | M37: 468864 | N37: 6
B38: 비케이모터스(구.대경) | C38: PSR | D38: UHP(17UP） | E38: 이상호 | F38: PSR0LAG5 | G38: 235/40R/18 | H38: RE005 | I38: 태국 | J38: 321970 | K38: 2575760 | L38: 20 | M38: 2575760 | N38: 20
B39: 비케이모터스(구.대경) | C39: PSR | D39: UHP(17UP） | E39: 이상호 | F39: PSR0LAG6 | G39: 225/45R/18 | H39: RE005 | I39: 태국 | J39: 290400 | K39: 1393920 | L39: 12 | M39: 1393920 | N39: 12
... B111: 비케이모터스(구.대경) | C111: PSR | D111: 4x4(L) | E111: 이상호 | F111: PSR18007 | G111: 235/55R/19 | H111: D400 | I111: 일본 | J111: 270490 | K111: 411145 | L111: 4 | M111: 411145 | N111: 4

Sheet Sheet3
D3: R710 | E3: 60 | H3: R710 | I3: =SUMIF($D:$D,H3,$E:$E) -> 90 | L3: DESTINATION LE3 | M3: 517
D4: DESTINATION LE3 | E4: 19 | H4: DESTINATION LE3 | I4: =SUMIF($D:$D,H4,$E:$E) -> 517 | L4: RE005 | M4: 106
D5: DESTINATION LE3 | E5: 44 | H5: ES1Z | I5: =SUMIF($D:$D,H5,$E:$E) -> 8 | L5: EL64Z | M5: 105
D6: ES1Z | E6: 4 | H6: T005 | I6: =SUMIF($D:$D,H6,$E:$E) -> 28 | L6: R710 | M6: 90
D7: T005 | E7: 4 | H7: TURANZA 6 | I7: =SUMIF($D:$D,H7,$E:$E) -> 2 | L7: D400 | M7: 50
D8: T005 | E8: 1 | H8: EL64Z | I8: =SUMIF($D:$D,H8,$E:$E) -> 105 | L8: DHPS-AS | M8: 42
D9: TURANZA 6 | E9: 2 | H9: RE005 | I9: =SUMIF($D:$D,H9,$E:$E) -> 106 | L9: T005 | M9: 28
D10: EL64Z | E10: 8 | H10: ALENZA 001 | I10: =SUMIF($D:$D,H10,$E:$E) -> 14 | L10: FS-All season | M10: 22
D11: EL64Z | E11: 2 | H11: HL001 | I11: =SUMIF($D:$D,H11,$E:$E) -> 4 | L11: ALENZA 001 | M11: 14
D12: EL64Z | E12: 19 | H12: DHPS-AS | I12: =SUMIF($D:$D,H12,$E:$E) -> 42 | L12: EP500 | M12: 11
D13: RE005 | E13: 6 | H13: DHPA | I13: =SUMIF($D:$D,H13,$E:$E) -> 2 | L13: ES1Z | M13: 8
D14: RE005 | E14: 4 | H14: ALENZA A/S 02 | I14: =SUMIF($D:$D,H14,$E:$E) -> 1 | L14: R623 | M14: 8
... D27: EL64Z | E27: 8 | H27: EL440 | I27: =SUMIF($D:$D,H27,$E:$E) -> -5 | L27: EL440 | M27: -5
D28: EL64Z | E28: 4
D29: EL64Z | E29: 24
D30: DHPS-AS | E30: 4
D31: DHPA | E31: 2
D32: ALENZA A/S 02 | E32: 1
D33: EL450 | E33: 2
D34: DHPS-AS | E34: 4
D35: R623 | E35: 8
D36: DESTINATION LE3 | E36: -4
D37: TURANZA 6 | E37: -4
D38: RE005 | E38: 4
D39: RE005 | E39: 2
... D106: EL64Z | E106: 2

Sheet Sales Plan
B4: * 2월 특이사항
B5: PTTN | C5: 계 획(DC) | D5: 비 고 1 | G5: 비 고 2
B6: Y23 DOT | C6: 0.7 | D6: 피트인, 연합회, 남서울, 119 | G6: ~2/10일까지 협의, 아도 기준
B7: RE004 | C7: 0.45 | D7: 남서울, 온누리 , 한울, | G7: ~2/10일까지 협의, 아도 기준
B9: H/L 422 | C9: MAX 15% | D9: 255/45/20 | G9: 팀장님 보고후 20%
B10: H/L 422 | C10: MAX 24% | D10: 255/50/20 | G10: 2월달만 재고없으니 24% 활용
B11: D400 | C11: MAX 24% | D11: 235/55/19
B12: DHPS - AS | C12: MAX 20%, 24% | D12: 255/45/20 | G12: 볼륨시 24%

Sheet Sheet2
A3: 거래처 | B3: New PIC | C3: 거래처 | D3: 합계 : 합계 : 합계수량2 | E3: 합계 : 합계 : 합계수량 | F3: 합계 : 합계 : 합계금액
A4: 주식회사 딜러타이어 | B4: 강원필 | C4: 주식회사 딜러타이어 | D4: 3920 | E4: 0.0090102307 | F4: 466994051
A5: 주식회사 올타 | B5: 강원필 | C5: 주식회사 올타 | D5: 30 | E5: 6.8955848e-05 | F5: 5519322
A6: 주식회사 타이어에미치다 | B6: 강원필 | C6: 주식회사 타이어에미치다 | D6: 1145 | E6: 0.0026318148 | F6: 93713644
A7: 폭스바겐그룹코리아 주식회사 | B7: 강원필 | C7: 폭스바겐그룹코리아 주식회사 | D7: 498 | E7: 0.0011446671 | F7: 95383262
A8: 한국토요타자동차 (주) | B8: 강원필 | C8: 한국토요타자동차 (주) | D8: 20237 | E8: 0.046515316 | F8: 2967832400
B9: 강원필 요약 | D9: 25830 | E9: 0.059370985 | F9: 3629442679
A10: (주)타이어커넥션(태백) | B10: 김주성 | C10: (주)타이어커넥션(태백) | D10: 1922 | E10: 0.0044177713 | F10: 291236908
A11: 오토 엠(AUTO M)_태백 | B11: 김주성 | C11: 오토 엠(AUTO M)_태백 | D11: 18425 | E11: 0.042350383 | F11: 1868119355
A12: 주식회사 남서울상사(구_콘티넨탈남서울) | B12: 김주성 | C12: 주식회사 남서울상사(구_콘티넨탈남서울) | D12: 37111 | E12: 0.085300682 | F12: 4079424890
A13: 주식회사 지유네트웍스 | B13: 김주성 | C13: 주식회사 지유네트웍스 | D13: 1318 | E13: 0.0030294602 | F13: 161881010
A14: 주식회사롤(ROLL CO.,Ltd)_태백 | B14: 김주성 | C14: 주식회사롤(ROLL CO.,Ltd)_태백 | D14: 40375 | E14: 0.092803078 | F14: 4220505479
B15: 김주성 요약 | D15: 99151 | E15: 0.22790137 | F15: 10621167642
A16: (주)남영종합타이어 | B16: 이대운 | C16: (주)남영종합타이어 | D16: 21149 | E16: 0.048611574 | F16: 2464081914
A17: (주)케이엠타이어 동김해지점(대한타이어)_동김해점 | B17: 이대운 | C17: (주)케이엠타이어 동김해지점(대한타이어)_동김해점 | D17: 691 | E17: 0.001588283 | F17: 70545529
A18: 119타이어노형점(삼화점 서브코드) | B18: 이대운 | C18: 119타이어노형점(삼화점 서브코드) | D18: 799 | E18: 0.0018365241 | F18: 80982546
A19: 가락타이어 | B19: 이대운 | C19: 가락타이어 | D19: 2 | E19: 4.5970565e-06 | F19: 254858
A20: 남광카크리닉 | B20: 이대운 | C20: 남광카크리닉 | D20: 58 | E20: 0.00013331464 | F20: 4207934
A21: 동호 COMPANY | B21: 이대운 | C21: 동호 COMPANY | D21: 484 | E21: 0.0011124877 | F21: 48863892
A22: 디와이모터스 굳이어장유점 | B22: 이대운 | C22: 디와이모터스 굳이어장유점 | D22: 1646 | E22: 0.0037833775 | F22: 159328420
A23: 상동타이어 | B23: 이대운 | C23: 상동타이어 | D23: 2 | E23: 4.5970565e-06 | F23: 182248
A24: 에스엠타이어(구금호타이어대정점) | B24: 이대운 | C24: 에스엠타이어(구금호타이어대정점) | D24: 428 | E24: 0.00098377009 | F24: 51288288
A25: 엠제이(MJ)모터스 | B25: 이대운 | C25: 엠제이(MJ)모터스 | D25: 4339 | E25: 0.0099733141 | F25: 760274075
A26: 오토랜드(대한타이어)_북부점 | B26: 이대운 | C26: 오토랜드(대한타이어)_북부점 | D26: 2080 | E26: 0.0047809388 | F26: 221995110
A27: 주식회사 뉴오토랜드(대한타이어)_사하점 | B27: 이대운 | C27: 주식회사 뉴오토랜드(대한타이어)_사하점 | D27: 2145 | E27: 0.0049303431 | F27: 220919673
... A43: 퍼니카2(Funny Car2) | B43: 이대운 | C43: 퍼니카2(Funny Car2) | D43: 30 | E43: 6.8955848e-05 | F43: 3934663
B44: 이대운 요약 | D44: 49165 | E44: 0.11300714 | F44: 5680301190
A45: (주)기성타이어 연일점(기성 서브코드) | B45: 이상호 | C45: (주)기성타이어 연일점(기성 서브코드) | D45: 485 | E45: 0.0011147862 | F45: 51853576
A46: (주)기성타이어 죽도점(기성 서브코드) | B46: 이상호 | C46: (주)기성타이어 죽도점(기성 서브코드) | D46: 626 | E46: 0.0014388787 | F46: 57267837
A47: (주)도개미쉐린타이어 | B47: 이상호 | C47: (주)도개미쉐린타이어 | D47: 1429 | E47: 0.0032845969 | F47: 128967197
A48: 1등 타이어(영천점) | B48: 이상호 | C48: 1등 타이어(영천점) | D48: 242 | E48: 0.00055624384 | F48: 20148230
A49: 대현부분정비 | B49: 이상호 | C49: 대현부분정비 | D49: 463 | E49: 0.0010642186 | F49: 48553181
A50: 비케이모터스(구.대경) | B50: 이상호 | C50: 비케이모터스(구.대경) | D50: 16129 | E50: 0.037072962 | F50: 1809315222
A51: 스피드발바닥(사용안함) | B51: 이상호 | C51: 스피드발바닥(사용안함) | D51: 4 | E51: 9.194113e-06 | F51: 668111
A52: 신성기업 주식회사 | B52: 이상호 | C52: 신성기업 주식회사 | D52: 84 | E52: 0.00019307637 | F52: 11507687
A53: 주식회사 경민티앤비_기성 | B53: 이상호 | C53: 주식회사 경민티앤비_기성 | D53: 2065 | E53: 0.0047464608 | F53: 213668901
A54: 주식회사 영진타이어(칠곡) | B54: 이상호 | C54: 주식회사 영진타이어(칠곡) | D54: 24 | E54: 5.5164678e-05 | F54: 3007329
A55: 주식회사 타이어프라자(대구) | B55: 이상호 | C55: 주식회사 타이어프라자(대구) | D55: 17 | E55: 3.907498e-05 | F55: 3557889
A56: 타이어마트(영주) | B56: 이상호 | C56: 타이어마트(영주) | D56: 133 | E56: 0.00030570426 | F56: 21124350
... A65: 혼타야(구 내륙타이어_외관) | B65: 이상호 | C65: 혼타야(구 내륙타이어_외관) | D65: 2 | E65: 4.5970565e-06 | F65: 299478
B66: 이상호 요약 | D66: 24227 | E66: 0.055686444 | F66: 2628711715
A67: (주)동림산업-BDG | B67: 이승희 | C67: (주)동림산업-BDG | D67: 2 | E67: 4.5970565e-06 | F67: 292555
A68: 거상대리점 | B68: 이승희 | C68: 거상대리점 | D68: 638 | E68: 0.001466461 | F68: 76386493
A69: 남양점현대자동차(구_자동차마을) | B69: 이승희 | C69: 남양점현대자동차(구_자동차마을) | D69: 22 | E69: 5.0567622e-05 | F69: 2600360
A70: 신화타이어판매주식회사 | B70: 이승희 | C70: 신화타이어판매주식회사 | D70: 15186 | E70: 0.03490545 | F70: 1573883611
A71: 오토상사 | B71: 이승희 | C71: 오토상사 | D71: 511 | E71: 0.0011745479 | F71: 66636632
A72: 정왕타이어 | B72: 이승희 | C72: 정왕타이어 | D72: 6 | E72: 1.379117e-05 | F72: 754259
A73: 제이앤씨상사 주식회사 | B73: 이승희 | C73: 제이앤씨상사 주식회사 | D73: 7008 | E73: 0.016108086 | F73: 807887078
A74: 주식회사 북항현대판매(구_신광사) | B74: 이승희 | C74: 주식회사 북항현대판매(구_신광사) | D74: 10 | E74: 2.2985283e-05 | F74: 1500938
A75: 주식회사 한울상사 | B75: 이승희 | C75: 주식회사 한울상사 | D75: 11423 | E75: 0.026256088 | F75: 1363356442
A76: 주식회사타이어사랑-송도지점 | B76: 이승희 | C76: 주식회사타이어사랑-송도지점 | D76: 1205 | E76: 0.0027697265 | F76: 136420830
A77: 준타이어 | B77: 이승희 | C77: 준타이어 | D77: 39 | E77: 8.9642602e-05 | F77: 4280163
A78: 춘천타이어 2호점 | B78: 이승희 | C78: 춘천타이어 2호점 | D78: 32 | E78: 7.3552904e-05 | F78: 3368375
... A84: 티스테이션 시흥은계점 | B84: 이승희 | C84: 티스테이션 시흥은계점 | D84: 11 | E84: 2.5283811e-05 | F84: 1572691
B85: 이승희 요약 | D85: 36964 | E85: 0.084962798 | F85: 4127973750
A86: (유) 세기운수 | B86: 이양희 | C86: (유) 세기운수 | D86: 16 | E86: 3.6776452e-05 | F86: 1216000
A87: (주)명문타이어 | B87: 이양희 | C87: (주)명문타이어 | D87: 1256 | E87: 0.0028869515 | F87: 130353451
A88: (주)타이어메카 2017 | B88: 이양희 | C88: (주)타이어메카 2017 | D88: 8226 | E88: 0.018907693 | F88: 918187572
A89: 거풍타이어(구.거풍산업) | B89: 이양희 | C89: 거풍타이어(구.거풍산업) | D89: 1441 | E89: 0.0033121792 | F89: 169124196
A90: 거풍타이어북항점 | B90: 이양희 | C90: 거풍타이어북항점 | D90: 2175 | E90: 0.0049992989 | F90: 223404834
A91: 곰도리타이어 | B91: 이양희 | C91: 곰도리타이어 | D91: 4 | E91: 9.194113e-06 | F91: 848855
A92: 극동 오토모빌스 | B92: 이양희 | C92: 극동 오토모빌스 | D92: 1439 | E92: 0.0033075822 | F92: 100797552
A93: 동국타이어 | B93: 이양희 | C93: 동국타이어 | D93: 1533 | E93: 0.0035236438 | F93: 148453236
A94: 동남타이어(순천) | B94: 이양희 | C94: 동남타이어(순천) | D94: 2 | E94: 4.5970565e-06 | F94: 205151
A95: 명품타이어 | B95: 이양희 | C95: 명품타이어 | D95: 2 | E95: 4.5970565e-06 | F95: 579017
A96: 삼호타이어 | B96: 이양희 | C96: 삼호타이어 | D96: 2 | E96: 4.5970565e-06 | F96: 191780
A97: 영암상사 | B97: 이양희 | C97: 영암상사 | D97: 94 | E97: 0.00021606166 | F97: 9857895
... A107: 타이어프로순천동화점 | B107: 이양희 | C107: 타이어프로순천동화점 | D107: 0 | E107: 0 | F107: 0
B108: 이양희 요약 | D108: 21418 | E108: 0.049229878 | F108: 2244789889
A109: (주) 777타이어 | B109: 정원영 | C109: (주) 777타이어 | D109: 818 | E109: 0.0018801961 | F109: 93763429
A110: (주)신창타이어 | B110: 정원영 | C110: (주)신창타이어 | D110: 1 | E110: 2.2985283e-06 | F110: 124597
A111: 365 타이어 | B111: 정원영 | C111: 365 타이어 | D111: 869 | E111: 0.0019974211 | F111: 79746504
A112: 777타이어 공단점(777 전주서브)_사용안함 | B112: 정원영 | C112: 777타이어 공단점(777 전주서브)_사용안함 | D112: 353 | E112: 0.00081138047 | F112: 43193494
A113: 777타이어 효천점_사용안함 | B113: 정원영 | C113: 777타이어 효천점_사용안함 | D113: 332 | E113: 0.00076311138 | F113: 33527564
A114: 금호타이어(보령총판)2009 (타이어DC클럽) | B114: 정원영 | C114: 금호타이어(보령총판)2009 (타이어DC클럽) | D114: 645 | E114: 0.0014825507 | F114: 65497117
A115: 늘푸른공업사주식회사(당진) | B115: 정원영 | C115: 늘푸른공업사주식회사(당진) | D115: 6 | E115: 1.379117e-05 | F115: 1087486
A116: 더타이어맨 | B116: 정원영 | C116: 더타이어맨 | D116: 5011 | E116: 0.011517925 | F116: 549446841
A117: 드래곤타이어 청주본점 | B117: 정원영 | C117: 드래곤타이어 청주본점 | D117: 150 | E117: 0.00034477924 | F117: 15028377
A118: 드래곤타이어(주식회사 에스제이더블유플랫폼) | B118: 정원영 | C118: 드래곤타이어(주식회사 에스제이더블유플랫폼) | D118: 1866 | E118: 0.0042890537 | F118: 196891400
A119: 드래곤타이어_JT네트웍스 | B119: 정원영 | C119: 드래곤타이어_JT네트웍스 | D119: 591 | E119: 0.0013584302 | F119: 61144088
A120: 드래곤타이어_청주점 | B120: 정원영 | C120: 드래곤타이어_청주점 | D120: 224 | E120: 0.00051487033 | F120: 22093863
... A134: 피트인 | B134: 정원영 | C134: 피트인 | D134: 20142 | E134: 0.046296956 | F134: 2338092790
B135: 정원영 요약 | D135: 72663 | E135: 0.16701796 | F135: 8067602957
A136: 메르세데스벤츠코리아 주식회사 | B136: 지정현 | C136: 메르세데스벤츠코리아 주식회사 | D136: 3307 | E136: 0.0076012329 | F136: 1064581800
A137: 비엠더블유코리아 (주) | B137: 지정현 | C137: 비엠더블유코리아 (주) | D137: 5901 | E137: 0.013563615 | F137: 1712272000
A138: 주식회사 다인씨엔에스 | B138: 지정현 | C138: 주식회사 다인씨엔에스 | D138: 455 | E138: 0.0010458304 | F138: 48471655
A139: 주식회사 맥스런 | B139: 지정현 | C139: 주식회사 맥스런 | D139: 8 | E139: 1.8388226e-05 | F139: 983600
B140: 지정현 요약 | D140: 9671 | E140: 0.022229067 | F140: 2826309055
A141: (주)그린통상 | B141: 한종일 | C141: (주)그린통상 | D141: 91 | E141: 0.00020916607 | F141: 18592398
A142: (주)영재 | B142: 한종일 | C142: (주)영재 | D142: 66 | E142: 0.00015170286 | F142: 6169436
A143: 린앤업 타이어세일즈 | B143: 한종일 | C143: 린앤업 타이어세일즈 | D143: 23903 | E143: 0.054941721 | F143: 2730453420
A144: 주식회사태영자동차공업(구_태영타이어) | B144: 한종일 | C144: 주식회사태영자동차공업(구_태영타이어) | D144: 14 | E144: 3.2179396e-05 | F144: 2141975
A145: 킹콩타이어 | B145: 한종일 | C145: 킹콩타이어 | D145: 493 | E145: 0.0011331744 | F145: 52461209
A146: 타이어메타 | B146: 한종일 | C146: 타이어메타 | D146: 15165 | E146: 0.034857181 | F146: 1898154357
B147: 한종일 요약 | D147: 39732 | E147: 0.091325125 | F147: 4707972795
A148: (주)카우타이어 | B148: 홍종인 | C148: (주)카우타이어 | D148: 9959 | E148: 0.022891043 | F148: 971593996
A149: 고백자동차공업사 | B149: 홍종인 | C149: 고백자동차공업사 | D149: 4 | E149: 9.194113e-06 | F149: 1105638
A150: 군포첨단타이어 대야미점 | B150: 홍종인 | C150: 군포첨단타이어 대야미점 | D150: 0 | E150: 0 | F150: 0
A151: 다올 타이어 | B151: 홍종인 | C151: 다올 타이어 | D151: 544 | E151: 0.0012503994 | F151: 58220790
A152: 동원타이어 | B152: 홍종인 | C152: 동원타이어 | D152: 104 | E152: 0.00023904694 | F152: 23005516
...

Sheet PIC
C2: 거래처명 | D2: PCR이익부서 | E2: 변경 이익부서 | F2: 최종
C3: 무림오피스웨이(주) | D3: 정원영 | F3: 정원영
C4: MTB상사 | D4: 정원영 | F4: 정원영
C5: (주)드래곤드림 | D5: 이승희 | E5: 임봉빈 | F5: 임봉빈
C6: 서해판매(평택) | D6: 홍종인 | F6: 홍종인
C7: 브리지스톤타이어세일즈코리아(주) | D7: 경영기획 | F7: 경영기획 | H7: PTTN | I7: 계 획(DC) | J7: 비 고 1 | M7: 비 고 2
C8: (주)코리어인터내쇼날 | D8: 홍종인 | F8: 홍종인 | H8: Y23 DOT | I8: 0.7 | J8: 피트인, 연합회, 남서울, 119 | M8: ~2/10일까지 협의, 아도 기준
C9: 금호타이어금오대리점(구미) | D9: 이상호 | F9: 이상호 | H9: RE004 | I9: 0.45 | J9: 남서울, 온누리 , 한울, | M9: ~2/10일까지 협의, 아도 기준
C10: 거상대리점 | D10: 이승희 | F10: 이승희
C11: 가인상사 | D11: 임봉빈 | F11: 임봉빈 | H11: H/L 422 | I11: MAX 15% | J11: 255/45/20 | M11: 팀장님 보고후 20%
C12: (주)남영종합타이어 | D12: 이대운 | F12: 이대운 | H12: H/L 422 | I12: MAX 24% | J12: 255/50/20 | M12: 2월달만 재고없으니 24% 활용
C13: 비제이모터스(만도) | D13: 홍종인 | F13: 홍종인 | H13: D400 | I13: MAX 24% | J13: 235/55/19
C14: 동림TDS(2010) | D14: 이승희 | F14: 이승희 | H14: DHPS - AS | I14: MAX 20%, 24% | J14: 255/45/20 | M14: 볼륨시 24%
C15: 타이어프라자(대구)-사용안함 | D15: 이상호 | F15: 이상호
C16: 유한회사 타이어백화점(전주777)_사용안함 | D16: 정원영 | F16: 정원영
C17: (주)봉구통상 | D17: 임봉빈 | F17: 임봉빈
C18: 오토맥스부분정비공업사(자동차전문정비업) | D18: 이양희 | F18: 이양희
C19: (주)영재 | D19: 홍종인 | F19: 홍종인
C20: 두꺼비타이어 | D20: 이상호 | F20: 이상호
C21: 금강상사 | D21: 홍종인 | F21: 홍종인
C22: 트로피아의왕점 | D22: 홍종인 | F22: 홍종인
C23: 오토상사 | D23: 이승희 | F23: 이승희
C24: 다이나믹 레이싱 | D24: 이승희 | F24: 이승희
C25: 메르세데스벤츠코리아 주식회사 | D25: 지정현 | F25: 지정현
C26: 금호타이어(보령총판)2009 (타이어DC클럽) | D26: 정원영 | F26: 정원영
... C34: 김해 고속타이어 | D34: 이대운 | F34: 이대운
C35: 이룩상사 | D35: 이승희 | E35: 홍종인 | F35: 홍종인
C36: 한국TBX북천안IC점(구_새천안영업소) | D36: 정원영 | F36: 정원영
C37: 한국타이어부안대리점 | D37: 정원영 | F37: 정원영
C38: 신현준 | D38: 경영기획 | F38: 경영기획
C39: 동국타이어 | D39: 이양희 | F39: 이양희
C40: 금호타이어동명대리점-오더불가 | D40: 이대운 | F40: 이대운
C41: 브리지스톤천안대리점(오토피아) | D41: 정원영 | F41: 정원영
C42: 하상준 | D42: 경영기획 | F42: 경영기획
C43: 이지희 | D43: 경영기획 | F43: 경영기획
C44: 남양점현대자동차(구_자동차마을) | D44: 이승희 | F44: 이승희
C45: 타이어프로(기성점) | D45: 이양희 | F45: 이양희
C46: 주식회사 타이어플러스(마산) | D46: 이양희 | F46: 이양희
C47: 최준호 | D47: 경영기획 | F47: 경영기획
... C53: (주)한국공업사 | D53: 정원영 | F53: 정원영
C54: 타이어파크(타이어프로남구점) | D54: 이대운 | E54: 이상호 | F54: 이상호
C55: 삼천리세차장 | D55: 이대운 | F55: 이대운
C56: 영진타이어상사(칠곡)-사용안함 | D56: 이상호 | F56: 이상호
C57: 의성타이어 | D57: 이상호 | F57: 이상호
C58: 타이어천국(구_타이어테크하단점)_사용안함 | D58: 이대운 | F58: 이대운
C59: 그린타이어(2010그린카마스타) | D59: 이대운 | F59: 이대운
C60: 동남타이어(순천) | D60: 이양희 | F60: 이양희
C61: 금호타이어 전일대리점 | D61: 정원영 | F61: 정원영
C62: (주)현진테크 Bandag Tire | D62: 홍종인 | F62: 홍종인
C63: 제일타이어 자동차부품 | D63: 이양희 | F63: 이양희
C64: 구리_BTS교역 | D64: 임봉빈 | F64: 임봉빈
C65: 피앤와이인터내셔널(청라) | D65: 이승희 | F65: 이승희
C66: 타이어킹박사(주) | D66: 이양희 | F66: 이양희
... C99: 박지영 | D99: 경영기획 | F99: 경영기획
C100: 통진타이어 | D100: 홍종인 | E100: 임봉빈 | F100: 임봉빈
C101: 에이제이(AJ)타이어(구_365타이어씨티) | D101: 정원영 | F101: 정원영
C102: 주식회사스마일타이어 | D102: 이상호 | F102: 이상호
C103: (주)명문타이어 | D103: 이양희 | F103: 이양희
C104: 티스테이션안산법원점(구.더타이어샵 고잔점) | D104: 홍종인 | F104: 홍종인
C105: 화진현대상사(대구점) | D105: 이상호 | F105: 이상호
C106: 주식회사 남서울상사(구_콘티넨탈남서울) | D106: 한승준 | E106: 김주성 | F106: 김주성
C107: 타이어연합회주식회사 | D107: 홍종인 | F107: 홍종인
C108: 초남타이어 | D108: 이양희 | F108: 이양희
C109: 타이어마을(대구) | D109: 이상호 | F109: 이상호
C110: 왕성자동차정비공업사(구_세종미쉐린) | D110: 정원영 | F110: 정원영
C111: 정성진 | D111: 경영기획 | F111: 경영기획
C112: 랠리오토서비스(사용안함) | D112: 홍종인 | F112: 홍종인
C113: 브라보상사 | D113: 정원영 | F113: 정원영
C114: 금호타이어 일등 대리점 | D114: 이양희 | F114: 이양희
C115: 타이어월드(BS시흥) | D115: 이승희 | F115: 이승희
C116: 타이어테크 양평점 | D116: 임봉빈 | F116: 임봉빈
C117: 스마트타이어 | D117: 이양희 | F117: 이양희
C118: 은파카 타이어 | D118: 정원영 | F118: 정원영
... C120: 현풍타이어 | D120: 이양희 | F120: 이양희
C121: (주) 태지 | D121: 임봉빈 | E121: 이승희 | F121: 이승희
C122: 천안타이어 | D122: 정원영 | F122: 정원영
C123: 이레FRP산업 | D123: 이대운 | F123: 이대운
C124: 남울산판매주식회사 | D124: 이대운 | F124: 이대운
C125: 금호타이어(한진대리점) | D125: 이상호 | F125: 이상호
C126: 솔향물류(일양운수_강릉츄레라) | D126: 이승희 | F126: 이승희
C127: 일양운수(강릉츄레라) | D127: 이승희 | F127: 이승희
C128: 타이어플러스_거제 | D128: 이대운 | F128: 이대운
C129: 대현타이어상사((주)대현타이어상사) | D129: 이양희 | F129: 이양희
C130: 개미카서비스 | D130: 이대운 | F130: 이대운
C131: 주식회사국제상사(국제상사서브딜러) | D131: 경영기획 | F131: 경영기획
C132: 톨게이트카 | D132: 홍종인 | F132: 홍종인
C133: 재생타이어(구_대형빵구) | D133: 정원영 | F133: 정원영
... C136: 타이어맥스-사용안함 | D136: 이양희 | F136: 이양희
C137: 경동타이어 | D137: 홍종인 | E137: 임봉빈 | F137: 임봉빈
C138: 티스테이션탑동점 | D138: 정원영 | F138: 정원영
C139: T스테이션 죽림점 | D139: 이대운 | F139: 이대운
C140: 티스테이션아산배방역점 | D140: 정원영 | F140: 정원영
C141: 주식회사한타제주판매(광덕상사) | D141: 이승희 | E141: 이대운 | F141: 이대운
C142: 장항타이어(사용중지) | D142: 홍종인 | F142: 홍종인
C143: 서해종합타이어주식회사(당진) | D143: 정원영 | F143: 정원영
C144: 주식회사 진관상사 | D144: 임봉빈 | E144: 이승희 | F144: 이승희
C145: 퍼니카2(Funny Car2) | D145: 이대운 | F145: 이대운
C146: 타이어프로(송도점)_기성 | D146: 이양희 | F146: 이양희
C147: 김주성 | D147: 경영기획 | F147: 경영기획
C148: 미쉐린타이어태성총판 | D148: 이상호 | F148: 이상호
...
